SITION,x,y,ABSITIO,VOLSITIO,NHA,Precipitac,precipitacion,elev,temp1,temperatura
1,696500,1836997,3.130941084,31.65247011,320,127.8761902,1278.761901,2168,146.75,14.675
2,696751,1837001,1.863694864,15.90023276,400,127.8761902,1278.761901,2168,146.75,14.675
3,697004,1837002,2.661496821,17.28469932,820,127.8761902,1278.761901,2168,146.75,14.675
4,697247,1837001,2.240186469,15.44772335,600,127.8761902,1278.761901,2168,146.75,14.675
5,697496,1837002,3.020595783,23.37451687,970,127.8761902,1278.761901,2162,146.75,14.675
6,697752,1837000,3.552478415,23.02721724,650,127.8761902,1278.761901,2162,146.75,14.675
7,698003,1837002,1.93773592,13.70702612,730,127.8761902,1278.761901,2162,146.75,14.675
8,698250,1836997,1.995385716,11.91084889,480,127.8761902,1278.761901,2159,146.75,14.675
9,698500,1837000,3.459947516,29.58785782,730,127.8761902,1278.761901,2159,146.75,14.675
10,698740,1836991,2.530607075,21.40886023,290,127.8761902,1278.761901,2159,146.75,14.675
11,699002,1836995,2.985009393,40.02156242,290,127.8761902,1278.761901,2159,146.75,14.675
12,699251,1836998,1.657543554,7.988253744,440,127.8761902,1278.761901,1982,146.75,14.675
13,699501,1836999,1.60074513,9.890104419,610,127.8761902,1278.761901,1982,146.75,14.675
14,699748,1836995,1.398200368,7.014357852,560,127.8761902,1278.761901,2033,146.75,14.675
15,699996,1836992,0.712991521,5.217842268,200,127.8761902,1278.761901,2033,146.75,14.675
16,700250,1837001,1.818183397,9.626769137,550,127.8761902,1278.761901,2027,146.75,14.675
17,700499,1837006,1.397623886,11.36507949,470,127.8761902,1278.761901,1904,146.75,14.675
18,700750,1837000,1.594612741,8.565514894,380,144.1428528,1441.428527,2027,163.0119019,16.30119
19,701000,1836999,2.183268664,13.75315764,580,144.1428528,1441.428527,1929,163.0119019,16.30119
20,701250,1837000,2.283620558,19.54008995,710,144.1428528,1441.428527,1929,163.0119019,16.30119
21,701500,1836999,0.966733248,10.89168373,270,144.1428528,1441.428527,1929,163.0119019,16.30119
22,701750,1837000,1.587215861,12.75337007,230,144.1428528,1441.428527,1929,163.0119019,16.30119
23,702000,1837000,1.603991966,15.49850842,650,144.1428528,1441.428527,1791,163.0119019,16.30119
24,702253,1836998,1.481457286,12.58612136,470,144.1428528,1441.428527,1791,163.0119019,16.30119
25,702498,1837001,1.555848629,15.5035298,420,144.1428528,1441.428527,1791,163.0119019,16.30119
26,702756,1837000,2.031323179,15.85039974,450,144.1428528,1441.428527,1730,163.0119019,16.30119
27,703000,1837000,1.824609524,14.115167,370,144.1428528,1441.428527,1730,163.0119019,16.30119
28,703250,1837000,1.605349134,12.2969474,330,144.1428528,1441.428527,1730,163.0119019,16.30119
29,703500,1837000,2.338567799,22.91373511,350,144.1428528,1441.428527,1730,163.0119019,16.30119
30,703750,1837000,2.692237305,20.52456158,440,144.1428528,1441.428527,1959,163.0119019,16.30119
31,704001,1837001,1.926766263,14.26856134,390,144.1428528,1441.428527,1959,163.0119019,16.30119
32,704253,1837002,1.682296948,15.02387286,460,144.1428528,1441.428527,1959,163.0119019,16.30119
33,704505,1837001,1.761876631,9.874701399,380,144.1428528,1441.428527,2132,163.0119019,16.30119
34,704771,1836999,1.023629847,6.018907417,470,144.1428528,1441.428527,2132,163.0119019,16.30119
35,705002,1837004,1.298004768,6.684185882,460,144.1428528,1441.428527,2132,163.0119019,16.30119
36,695247,1838004,0.454491068,2.767714849,270,153.6476288,1536.476287,2599,172.1261902,17.212619
37,695504,1837999,4.780048676,44.85193168,670,153.6476288,1536.476287,2599,172.1261902,17.212619
38,695750,1838004,5.818263367,68.77137211,420,153.6476288,1536.476287,2361,172.1261902,17.212619
39,695995,1838003,5.521606699,65.73523123,700,153.6476288,1536.476287,2361,172.1261902,17.212619
40,696247,1838006,4.031681251,34.97059888,860,153.6476288,1536.476287,2361,172.1261902,17.212619
41,696500,1838000,4.922598443,51.14598494,950,127.8761902,1278.761901,2222,146.75,14.675
42,696750,1838000,3.461603332,31.59230238,860,127.8761902,1278.761901,2222,146.75,14.675
43,697000,1838000,2.207343474,20.42989368,490,127.8761902,1278.761901,2222,146.75,14.675
44,697253,1838010,1.97849023,16.5994417,450,127.8761902,1278.761901,2222,146.75,14.675
45,697500,1838000,4.381832958,44.04966281,480,127.8761902,1278.761901,2059,146.75,14.675
46,698000,1838000,2.591652933,24.96081905,470,127.8761902,1278.761901,2059,146.75,14.675
47,697745,1838003,2.344598086,22.592752,560,127.8761902,1278.761901,2059,146.75,14.675
48,698250,1838011,2.060178708,15.51445585,640,127.8761902,1278.761901,1939,146.75,14.675
49,698497,1838002,2.835747613,26.28667725,720,127.8761902,1278.761901,1939,146.75,14.675
50,698750,1838000,1.944540609,13.15581957,600,127.8761902,1278.761901,1939,146.75,14.675
51,699011,1837999,1.743712728,14.44241824,550,127.8761902,1278.761901,1939,146.75,14.675
52,699249,1837999,1.940746351,12.04838863,490,127.8761902,1278.761901,1934,146.75,14.675
53,699500,1838000,2.294141752,16.00574092,540,127.8761902,1278.761901,1934,146.75,14.675
54,699740,1838002,1.447363937,9.405707726,350,127.8761902,1278.761901,1934,146.75,14.675
55,700000,1838000,1.236814397,6.343649526,510,127.8761902,1278.761901,1934,146.75,14.675
56,700260,1838020,0.914106858,3.9772174,240,127.8761902,1278.761901,1908,146.75,14.675
57,700500,1838000,1.311848196,6.447524313,320,127.8761902,1278.761901,1908,146.75,14.675
58,700741,1838003,0.951207497,3.597562195,370,144.1428528,1441.428527,1908,163.0119019,16.30119
59,701000,1838000,1.990195805,15.88325894,420,144.1428528,1441.428527,1980,163.0119019,16.30119
60,701260,1838005,1.600713714,6.191886504,640,144.1428528,1441.428527,1980,163.0119019,16.30119
61,701499,1838003,0.58538474,1.720878379,180,144.1428528,1441.428527,1980,163.0119019,16.30119
62,701767,1838009,0.687270517,3.106084823,160,144.1428528,1441.428527,1980,163.0119019,16.30119
63,702015,1838015,0.887400179,3.164861798,200,144.1428528,1441.428527,1860,163.0119019,16.30119
64,702553,1838002,1.584182653,13.87533982,320,144.1428528,1441.428527,1860,163.0119019,16.30119
65,702495,1838000,1.276539051,4.710658056,570,144.1428528,1441.428527,1860,163.0119019,16.30119
66,702748,1838002,1.683949426,6.162398833,630,144.1428528,1441.428527,1674,163.0119019,16.30119
67,702998,1837997,1.193282133,8.355133588,470,144.1428528,1441.428527,1674,163.0119019,16.30119
68,703250,1838000,0.990288909,3.044354366,480,144.1428528,1441.428527,1674,163.0119019,16.30119
69,703500,1838000,1.034256284,5.935140783,280,144.1428528,1441.428527,1674,163.0119019,16.30119
70,703750,1838000,1.358651644,7.413942054,490,144.1428528,1441.428527,1921,163.0119019,16.30119
71,703999,1839001,2.089959435,12.21120772,570,141.019043,1410.190429,1908,160.3047485,16.030475
72,704251,1837999,1.311378528,7.383402797,510,144.1428528,1441.428527,1921,163.0119019,16.30119
73,704499,1837997,0.999170192,3.901778754,530,144.1428528,1441.428527,1927,163.0119019,16.30119
74,704748,1838002,1.831993052,9.537976607,440,144.1428528,1441.428527,1927,163.0119019,16.30119
75,694478,1838996,1.896273965,30.41880994,120,124.4381027,1244.381027,2277,143.5452423,14.354524
76,695000,1839000,1.254327205,15.5634136,60,124.4381027,1244.381027,2298,143.5452423,14.354524
77,695287,1838999,1.262361829,9.445078675,230,124.4381027,1244.381027,2298,143.5452423,14.354524
78,695509,1838993,0.729590126,6.911908164,170,124.4381027,1244.381027,2298,143.5452423,14.354524
79,695751,1839007,2.79092494,30.67020583,300,124.4381027,1244.381027,2277,143.5452423,14.354524
80,695996,1839000,4.743166378,57.25178573,820,124.4381027,1244.381027,2277,143.5452423,14.354524
81,696246,1838998,3.022395131,25.21374039,710,124.4381027,1244.381027,2277,143.5452423,14.354524
82,696500,1839002,3.191111222,28.05949865,820,142.4666748,1424.666748,2090,161.5142822,16.151428
83,696736,1839000,2.072496893,24.76523073,370,142.4666748,1424.666748,2090,161.5142822,16.151428
84,697002,1839002,1.480902795,10.96486433,470,142.4666748,1424.666748,2090,161.5142822,16.151428
85,697247,1838999,3.44815005,41.98588328,290,142.4666748,1424.666748,2090,161.5142822,16.151428
86,697504,1838998,2.398393934,23.90665344,930,142.4666748,1424.666748,2202,161.5142822,16.151428
87,697741,1838985,3.022306381,39.94405273,410,142.4666748,1424.666748,2202,161.5142822,16.151428
88,698000,1838999,2.701541917,22.19538802,880,142.4666748,1424.666748,2202,161.5142822,16.151428
89,698257,1839007,1.513997902,13.75637755,260,142.4666748,1424.666748,2240,161.5142822,16.151428
90,698500,1839001,2.772013338,13.55909039,1040,142.4666748,1424.666748,2240,161.5142822,16.151428
91,698772,1839000,1.132515877,6.014371998,470,142.4666748,1424.666748,2240,161.5142822,16.151428
92,699001,1839005,2.109335994,18.9609214,710,142.4666748,1424.666748,2240,161.5142822,16.151428
93,699246,1839000,1.888358722,13.54976777,430,142.4666748,1424.666748,2200,161.5142822,16.151428
94,699498,1838996,1.27443654,7.937690126,290,142.4666748,1424.666748,2200,161.5142822,16.151428
95,699749,1838999,1.822267467,11.73832508,510,142.4666748,1424.666748,2200,161.5142822,16.151428
96,700005,1839002,1.463829024,7.879748618,490,142.4666748,1424.666748,2200,161.5142822,16.151428
97,700251,1839000,1.268496574,6.370613296,480,142.4666748,1424.666748,1940,161.5142822,16.151428
98,700501,1838997,0.79325293,4.676120623,340,142.4666748,1424.666748,1940,161.5142822,16.151428
99,700750,1839001,1.113491963,5.540635112,380,141.019043,1410.190429,1940,160.3047485,16.030475
100,701001,1839000,2.072912368,10.68052004,1180,141.019043,1410.190429,1741,160.3047485,16.030475
101,701249,1839001,1.500277782,10.18683113,460,141.019043,1410.190429,1741,160.3047485,16.030475
102,701501,1839001,1.754625836,13.88165624,390,141.019043,1410.190429,1741,160.3047485,16.030475
103,701750,1838999,1.371693965,8.789143784,500,141.019043,1410.190429,1741,160.3047485,16.030475
104,701991,1838997,0.991945314,4.638900728,320,141.019043,1410.190429,1702,160.3047485,16.030475
105,702249,1839001,1.600639886,12.6119191,250,141.019043,1410.190429,1702,160.3047485,16.030475
106,702498,1839002,4.131503001,43.09956647,500,141.019043,1410.190429,1702,160.3047485,16.030475
107,702748,1839001,0.609160313,4.200560841,230,141.019043,1410.190429,1870,160.3047485,16.030475
108,703251,1838999,1.33482659,7.157698054,350,141.019043,1410.190429,1870,160.3047485,16.030475
109,703501,1838998,1.858345517,12.07727187,550,141.019043,1410.190429,1870,160.3047485,16.030475
110,703750,1838999,1.996821423,9.495110902,620,141.019043,1410.190429,1908,160.3047485,16.030475
111,704002,1839000,0.918721072,3.473397686,430,141.019043,1410.190429,1908,160.3047485,16.030475
112,704251,1839001,2.051646928,10.99346992,890,141.019043,1410.190429,1908,160.3047485,16.030475
113,693998,1840003,3.841142871,61.29166326,320,124.4381027,1244.381027,2197,143.5452423,14.354524
114,694238,1840001,0.945971247,4.28032332,190,124.4381027,1244.381027,2197,143.5452423,14.354524
115,694496,1839996,4.714302996,51.48186078,490,124.4381027,1244.381027,2197,143.5452423,14.354524
116,694750,1839996,2.085548639,12.94359248,500,124.4381027,1244.381027,2180,143.5452423,14.354524
117,695600,1839997,4.269455047,34.32216711,670,124.4381027,1244.381027,2156,143.5452423,14.354524
118,695255,1840011,3.524070564,24.6895004,650,124.4381027,1244.381027,2180,143.5452423,14.354524
119,695504,1839997,2.947479927,34.53547303,300,124.4381027,1244.381027,2180,143.5452423,14.354524
120,695741,1839999,3.280738505,27.16418098,520,124.4381027,1244.381027,2156,143.5452423,14.354524
121,696003,1839999,6.498783386,36.20800367,1720,124.4381027,1244.381027,2156,143.5452423,14.354524
122,696255,1839999,3.892014681,30.31332568,1120,124.4381027,1244.381027,2156,143.5452423,14.354524
123,696499,1840003,3.462856631,28.38792497,660,142.4666748,1424.666748,2272,161.5142822,16.151428
124,696745,1840000,1.425588773,11.40918029,500,142.4666748,1424.666748,2272,161.5142822,16.151428
125,697003,1840002,4.505066642,45.03092817,610,142.4666748,1424.666748,2272,161.5142822,16.151428
126,697252,1840000,1.768096985,12.1237462,330,142.4666748,1424.666748,2272,161.5142822,16.151428
127,697502,1840002,2.044863444,15.4750582,590,142.4666748,1424.666748,2334,161.5142822,16.151428
128,697751,1840001,1.656649771,14.06569534,330,142.4666748,1424.666748,2334,161.5142822,16.151428
129,698001,1839999,0.699613049,4.6245154,130,142.4666748,1424.666748,2334,161.5142822,16.151428
130,698248,1840000,2.893172,19.3695,790,142.4666748,1424.666748,2219,161.5142822,16.151428
131,698501,1840000,3.751847812,30.35564074,740,142.4666748,1424.666748,2219,161.5142822,16.151428
132,698749,1839999,2.573737215,20.44756892,820,142.4666748,1424.666748,2219,161.5142822,16.151428
133,699001,1840002,2.640368825,19.23545422,1180,142.4666748,1424.666748,2219,161.5142822,16.151428
134,699249,1840002,2.291802051,14.07875905,620,142.4666748,1424.666748,2053,161.5142822,16.151428
135,699500,1839999,1.623672473,11.60607593,290,142.4666748,1424.666748,2053,161.5142822,16.151428
136,699747,1840001,0.950486501,4.499053256,380,142.4666748,1424.666748,2053,161.5142822,16.151428
137,700001,1840000,0.951898647,5.690822648,330,142.4666748,1424.666748,1875,161.5142822,16.151428
138,700253,1839998,0.922288351,3.968445102,530,142.4666748,1424.666748,1875,161.5142822,16.151428
139,700504,1840002,0.667637134,1.940933854,570,142.4666748,1424.666748,1875,161.5142822,16.151428
140,700751,1840004,2.064647623,14.4519557,650,141.019043,1410.190429,1875,160.3047485,16.030475
141,700996,1840002,1.381450967,6.212713856,330,141.019043,1410.190429,1790,160.3047485,16.030475
142,701257,1839996,1.294898518,6.829988903,270,141.019043,1410.190429,1790,160.3047485,16.030475
143,701499,1839999,1.00872456,4.547384481,240,141.019043,1410.190429,1790,160.3047485,16.030475
144,701750,1840005,1.574443716,7.968075997,290,141.019043,1410.190429,1790,160.3047485,16.030475
145,701996,1839996,1.340234842,4.414660314,380,141.019043,1410.190429,1784,160.3047485,16.030475
146,702248,1840001,1.156552988,8.505568375,290,141.019043,1410.190429,1784,160.3047485,16.030475
147,702501,1839999,1.051707831,5.861259188,300,141.019043,1410.190429,1784,160.3047485,16.030475
148,702752,1840000,1.162225134,4.180777621,300,141.019043,1410.190429,1905,160.3047485,16.030475
149,703001,1840000,1.751757561,10.72247752,330,141.019043,1410.190429,1905,160.3047485,16.030475
150,703253,1840000,1.045635133,3.245693021,300,141.019043,1410.190429,1905,160.3047485,16.030475
151,703500,1840000,0.934758118,3.401310125,690,141.019043,1410.190429,1905,160.3047485,16.030475
152,703749,1840000,1.297432998,5.595529262,660,141.019043,1410.190429,1972,160.3047485,16.030475
153,703999,1840001,1.302620553,5.250138417,500,141.019043,1410.190429,1972,160.3047485,16.030475
154,704250,1840000,1.634714386,9.650986959,980,141.019043,1410.190429,1972,160.3047485,16.030475
155,693499,1841001,2.900690617,23.5337155,330,124.4381027,1244.381027,2427,143.5452423,14.354524
156,693750,1841000,4.367244187,46.49019568,950,124.4381027,1244.381027,2427,143.5452423,14.354524
157,694000,1841000,3.259857909,34.03522373,500,124.4381027,1244.381027,2184,143.5452423,14.354524
158,694249,1840997,3.635205189,34.13823424,680,124.4381027,1244.381027,2184,143.5452423,14.354524
159,694507,1840997,2.870088363,33.05919727,420,124.4381027,1244.381027,2184,143.5452423,14.354524
160,694734,1841005,4.15472801,29.57513622,850,124.4381027,1244.381027,2179,143.5452423,14.354524
161,696499,1840998,2.41844829,22.98698087,970,142.4666748,1424.666748,2033,161.5142822,16.151428
162,695288,1841006,2.514160052,27.29614533,510,124.4381027,1244.381027,2179,143.5452423,14.354524
163,695499,1841000,2.797998236,33.18160619,430,124.4381027,1244.381027,2179,143.5452423,14.354524
164,695751,1841001,1.44774564,12.03328946,630,124.4381027,1244.381027,1957,143.5452423,14.354524
165,696000,1840997,6.792147664,46.0794718,970,124.4381027,1244.381027,1957,143.5452423,14.354524
166,696254,1840991,2.704874361,26.81607365,510,124.4381027,1244.381027,1957,143.5452423,14.354524
167,696498,1841001,2.734801958,19.11605481,760,142.4666748,1424.666748,2033,161.5142822,16.151428
168,696749,1841001,2.620932576,29.72126205,390,142.4666748,1424.666748,2033,161.5142822,16.151428
169,696751,1841000,2.646143857,28.29888246,370,142.4666748,1424.666748,2033,161.5142822,16.151428
170,697260,1841005,2.214756062,21.31486999,490,142.4666748,1424.666748,2033,161.5142822,16.151428
171,697500,1840999,3.059814641,36.72519752,510,142.4666748,1424.666748,2002,161.5142822,16.151428
172,697759,1840999,2.050131895,19.14703655,610,142.4666748,1424.666748,2002,161.5142822,16.151428
173,698002,1841002,3.198203368,25.22271524,1110,142.4666748,1424.666748,2002,161.5142822,16.151428
174,698252,1840997,1.945157932,16.20592963,510,142.4666748,1424.666748,1925,161.5142822,16.151428
175,698504,1841016,2.180108222,21.20776361,270,142.4666748,1424.666748,1925,161.5142822,16.151428
176,698754,1841002,3.648173849,27.51732546,990,142.4666748,1424.666748,1925,161.5142822,16.151428
177,698999,1841001,3.492849416,32.20298589,620,142.4666748,1424.666748,1925,161.5142822,16.151428
178,699249,1841002,1.305391438,7.490421471,390,142.4666748,1424.666748,1787,161.5142822,16.151428
179,699501,1840999,0.921755066,5.663807977,240,142.4666748,1424.666748,1787,161.5142822,16.151428
180,699750,1840996,1.30006958,8.236194951,230,142.4666748,1424.666748,1787,161.5142822,16.151428
181,700002,1840999,2.019601897,15.57098571,580,142.4666748,1424.666748,1749,161.5142822,16.151428
182,700252,1841000,2.070253795,15.18615105,620,142.4666748,1424.666748,1749,161.5142822,16.151428
183,700499,1841000,1.552382667,6.693491877,490,142.4666748,1424.666748,1749,161.5142822,16.151428
184,700751,1841000,1.472099267,6.60870202,260,141.019043,1410.190429,1749,160.3047485,16.030475
185,700999,1840999,1.524828543,5.579137766,570,141.019043,1410.190429,1843,160.3047485,16.030475
186,701498,1840999,1.172529558,4.748916434,320,141.019043,1410.190429,1843,160.3047485,16.030475
187,701747,1840998,1.20858326,4.879342265,530,141.019043,1410.190429,1843,160.3047485,16.030475
188,701999,1840994,1.180471504,4.255754846,440,141.019043,1410.190429,1801,160.3047485,16.030475
189,702250,1841000,0.88357529,3.374773129,280,141.019043,1410.190429,1801,160.3047485,16.030475
190,702497,1840999,1.423496472,10.34899543,390,141.019043,1410.190429,1801,160.3047485,16.030475
191,702998,1841003,0.873093366,6.195480606,260,141.019043,1410.190429,1794,160.3047485,16.030475
192,703253,1841001,1.584024003,10.7143717,520,141.019043,1410.190429,1794,160.3047485,16.030475
193,703488,1841007,0.809796557,3.282767619,510,141.019043,1410.190429,1794,160.3047485,16.030475
194,703750,1841000,0.781222201,4.234211453,410,141.019043,1410.190429,1986,160.3047485,16.030475
195,704002,1840999,1.697869823,13.20342009,860,141.019043,1410.190429,1986,160.3047485,16.030475
196,704250,1841003,1.525318632,7.694550858,560,141.019043,1410.190429,1986,160.3047485,16.030475
199,693250,1842000,4.422717644,59.09580658,310,124.4381027,1244.381027,2248,143.5452423,14.354524
200,693500,1842000,4.173931781,43.89367372,470,124.4381027,1244.381027,2248,143.5452423,14.354524
201,693751,1842200,5.372004843,64.93729137,510,124.4381027,1244.381027,2248,143.5452423,14.354524
202,698000,1842003,6.133210386,84.9014876,710,142.4666748,1424.666748,1907,161.5142822,16.151428
203,694250,1842000,3.44163046,37.04720922,600,124.4381027,1244.381027,2132,143.5452423,14.354524
204,694508,1842002,2.690035048,29.01652683,340,124.4381027,1244.381027,2132,143.5452423,14.354524
205,694750,1842000,4.359856732,48.28682719,370,124.4381027,1244.381027,2188,143.5452423,14.354524
206,695000,1842000,2.894345385,17.14058865,600,124.4381027,1244.381027,2188,143.5452423,14.354524
207,695250,1842000,2.33244405,19.56822439,470,124.4381027,1244.381027,2188,143.5452423,14.354524
208,695500,1842000,1.750795449,11.72127216,580,124.4381027,1244.381027,2188,143.5452423,14.354524
209,695750,1842000,1.240268578,9.793684017,520,124.4381027,1244.381027,2072,143.5452423,14.354524
210,696013,1842004,5.228196083,30.19550027,1480,124.4381027,1244.381027,2072,143.5452423,14.354524
211,696250,1842003,2.181963332,12.24343406,950,124.4381027,1244.381027,2072,143.5452423,14.354524
212,696500,1842000,1.590959854,10.23115421,340,142.4666748,1424.666748,2105,161.5142822,16.151428
213,696750,1842000,1.398135965,10.74819761,620,142.4666748,1424.666748,2105,161.5142822,16.151428
214,697000,1842000,2.06837905,13.20607911,480,142.4666748,1424.666748,2105,161.5142822,16.151428
215,697250,1842000,1.820582003,12.74039209,430,142.4666748,1424.666748,2105,161.5142822,16.151428
216,697501,1842006,3.98952736,41.1572631,760,142.4666748,1424.666748,1907,161.5142822,16.151428
217,697752,1842020,2.496404556,21.55399863,720,142.4666748,1424.666748,1907,161.5142822,16.151428
218,698000,1842000,3.506018187,31.23114595,640,142.4666748,1424.666748,1907,161.5142822,16.151428
219,698250,1842000,2.806866952,26.19784243,460,142.4666748,1424.666748,1899,161.5142822,16.151428
220,698500,1842000,1.002495568,5.822474351,1000,142.4666748,1424.666748,1899,161.5142822,16.151428
221,698750,1842000,2.920119804,26.00298284,770,142.4666748,1424.666748,1899,161.5142822,16.151428
223,699000,1842000,1.225583204,5.555582347,790,142.4666748,1424.666748,1899,161.5142822,16.151428
224,699272,1841995,3.008523428,13.87624966,1430,142.4666748,1424.666748,2059,161.5142822,16.151428
225,699500,1841996,0.929071835,3.915725998,710,142.4666748,1424.666748,2059,161.5142822,16.151428
226,699752,1842011,1.592453681,8.009720197,1040,142.4666748,1424.666748,2059,161.5142822,16.151428
227,699995,1842005,1.079641302,4.692990767,570,142.4666748,1424.666748,2118,161.5142822,16.151428
228,700250,1842000,0.669825253,3.271621712,720,142.4666748,1424.666748,2118,161.5142822,16.151428
229,700500,1842000,0.987565148,3.651000236,890,142.4666748,1424.666748,2118,161.5142822,16.151428
230,700750,1842000,1.201540595,3.41018606,640,141.019043,1410.190429,2118,160.3047485,16.030475
231,701000,1842000,0.859513832,3.561423199,220,141.019043,1410.190429,1901,160.3047485,16.030475
232,701250,1842000,1.619118734,10.84358875,410,141.019043,1410.190429,1901,160.3047485,16.030475
233,701500,1842000,1.091254199,6.727596531,540,141.019043,1410.190429,1901,160.3047485,16.030475
234,701750,1842000,1.091500814,7.475645614,330,141.019043,1410.190429,1901,160.3047485,16.030475
235,702000,1842000,1.018573453,3.873042765,570,141.019043,1410.190429,1758,160.3047485,16.030475
236,702250,1842000,0.602855137,3.987737538,270,141.019043,1410.190429,1758,160.3047485,16.030475
237,702500,1842000,1.175001991,7.028887809,420,141.019043,1410.190429,1758,160.3047485,16.030475
238,702750,1842000,1.421224315,10.56777802,550,141.019043,1410.190429,1853,160.3047485,16.030475
239,702999,1842003,1.776354661,11.36964875,400,141.019043,1410.190429,1853,160.3047485,16.030475
240,703255,1842006,1.208357851,6.845239389,480,141.019043,1410.190429,1853,160.3047485,16.030475
241,703520,1841992,1.092102429,6.203702211,250,141.019043,1410.190429,1853,160.3047485,16.030475
242,703755,1842017,1.633270038,11.34228164,650,141.019043,1410.190429,2119,160.3047485,16.030475
243,704005,1842001,0.885131949,5.120648877,610,141.019043,1410.190429,2119,160.3047485,16.030475
249,704252,1842000,4.013205544,40.74559057,750,141.019043,1410.190429,2119,160.3047485,16.030475
250,693250,1843000,4.238559054,50.19040398,560,124.4381027,1244.381027,2213,143.5452423,14.354524
251,693500,1843000,4.272378299,52.32854111,920,124.4381027,1244.381027,2213,143.5452423,14.354524
252,693752,1844007,0.41266783,4.638135141,20,110.2857132,1102.857131,2161,129.8404846,12.984048
254,694502,1843000,4.572059534,55.93180208,760,124.4381027,1244.381027,2206,143.5452423,14.354524
255,694999,1842999,2.144810858,21.63257675,140,124.4381027,1244.381027,2169,143.5452423,14.354524
256,695257,1843009,2.526778259,16.63639085,800,124.4381027,1244.381027,2169,143.5452423,14.354524
257,695500,1843000,1.623483977,8.652742389,370,124.4381027,1244.381027,2169,143.5452423,14.354524
258,696250,1843001,1.853936292,17.99696636,330,124.4381027,1244.381027,2103,143.5452423,14.354524
259,696500,1843000,0.956456313,11.51223418,120,142.4666748,1424.666748,2000,161.5142822,16.151428
260,696748,1842999,2.410264441,15.79791612,1440,142.4666748,1424.666748,2000,161.5142822,16.151428
261,696999,1843001,1.98149752,18.75536976,580,142.4666748,1424.666748,2000,161.5142822,16.151428
262,697252,1843000,2.917889266,27.88504674,480,142.4666748,1424.666748,2000,161.5142822,16.151428
263,697500,1843004,1.244174363,10.91150938,260,142.4666748,1424.666748,2098,161.5142822,16.151428
264,697746,1843002,0.514433441,3.164074456,330,142.4666748,1424.666748,2098,161.5142822,16.151428
265,697963,1843000,1.6195939,9.132109246,530,142.4666748,1424.666748,2098,161.5142822,16.151428
266,698246,1843003,0.985245082,6.635537862,190,142.4666748,1424.666748,1847,161.5142822,16.151428
267,698495,1843001,2.056158255,18.03904132,480,142.4666748,1424.666748,1847,161.5142822,16.151428
268,698751,1843001,2.107694511,12.55343089,590,142.4666748,1424.666748,1847,161.5142822,16.151428
269,699002,1842998,0.461803125,1.632769587,240,142.4666748,1424.666748,1847,161.5142822,16.151428
271,699250,1843000,0.572702916,3.170380291,320,142.4666748,1424.666748,2152,161.5142822,16.151428
272,699500,1843000,2.226970574,15.73334373,490,142.4666748,1424.666748,2152,161.5142822,16.151428
273,699750,1843000,2.312588399,18.61326673,490,142.4666748,1424.666748,2152,161.5142822,16.151428
274,699999,1843001,1.73196003,9.477610094,840,142.4666748,1424.666748,2112,161.5142822,16.151428
275,700249,1843000,1.573486316,13.2979161,450,142.4666748,1424.666748,2112,161.5142822,16.151428
276,700500,1843000,1.557237998,11.14028688,730,142.4666748,1424.666748,2112,161.5142822,16.151428
277,700749,1843000,1.820704525,12.39642082,570,141.019043,1410.190429,2112,160.3047485,16.030475
278,701002,1843002,0.258649679,1.082011944,180,141.019043,1410.190429,1846,160.3047485,16.030475
279,701251,1843001,2.330974766,14.51608698,1000,141.019043,1410.190429,1846,160.3047485,16.030475
280,701499,1842997,1.946972202,10.37733341,780,141.019043,1410.190429,1846,160.3047485,16.030475
281,701501,1843002,3.23458144,23.07193273,1260,141.019043,1410.190429,1846,160.3047485,16.030475
282,701998,1843002,1.394997514,8.798404866,640,141.019043,1410.190429,1829,160.3047485,16.030475
283,702750,1843000,0.770561992,3.080285253,250,141.019043,1410.190429,1940,160.3047485,16.030475
284,702502,1843004,2.065433807,19.03357942,590,141.019043,1410.190429,1829,160.3047485,16.030475
285,702753,1843001,0.75425477,3.684478043,360,141.019043,1410.190429,1940,160.3047485,16.030475
286,703000,1842998,1.23038984,6.466007055,500,141.019043,1410.190429,1940,160.3047485,16.030475
287,703249,1842998,2.759696724,23.19418089,660,141.019043,1410.190429,1940,160.3047485,16.030475
288,703500,1842997,2.405493933,18.89587868,680,141.019043,1410.190429,1940,160.3047485,16.030475
289,703749,1843000,1.010227027,4.486113657,280,141.019043,1410.190429,2059,160.3047485,16.030475
294,704000,1843002,5.750136359,63.16566743,430,141.019043,1410.190429,2059,160.3047485,16.030475
295,704252,1843000,3.764643519,46.9924738,370,141.019043,1410.190429,2059,160.3047485,16.030475
296,692000,1844000,6.635500001,78.44356573,360,110.2857132,1102.857131,2439,129.8404846,12.984048
297,692250,1844000,3.83021327,54.42877252,340,110.2857132,1102.857131,2439,129.8404846,12.984048
298,692500,1844000,3.911185464,25.20255863,670,110.2857132,1102.857131,2439,129.8404846,12.984048
299,692751,1843994,1.530005888,12.84822862,340,110.2857132,1102.857131,2439,129.8404846,12.984048
300,692998,1844004,2.616988307,29.24354569,310,110.2857132,1102.857131,2339,129.8404846,12.984048
301,693253,1844005,0.276754678,2.384121153,150,110.2857132,1102.857131,2339,129.8404846,12.984048
302,693497,1843997,1.743531301,13.06615555,780,110.2857132,1102.857131,2339,129.8404846,12.984048
303,693751,1844000,3.265855995,48.05458434,380,110.2857132,1102.857131,2161,129.8404846,12.984048
304,693998,1843997,0.712393833,11.46809609,30,110.2857132,1102.857131,2161,129.8404846,12.984048
305,694250,1843996,2.035559617,26.16587721,330,110.2857132,1102.857131,2161,129.8404846,12.984048
306,694502,1843996,2.413457085,27.51234458,450,110.2857132,1102.857131,2161,129.8404846,12.984048
307,694750,1843998,2.480601559,34.03988965,290,110.2857132,1102.857131,2087,129.8404846,12.984048
308,695000,1843998,0.366502911,4.101130081,40,110.2857132,1102.857131,2087,129.8404846,12.984048
309,695247,1843996,1.519098278,13.82696471,310,110.2857132,1102.857131,2087,129.8404846,12.984048
310,695496,1844002,5.350258738,77.40460341,640,110.2857132,1102.857131,2087,129.8404846,12.984048
311,695748,1843995,4.094815482,58.00740006,540,110.2857132,1102.857131,2054,129.8404846,12.984048
312,695994,1844001,3.238250035,30.82898504,1210,110.2857132,1102.857131,2054,129.8404846,12.984048
313,695249,1844001,2.185889538,16.37185732,830,110.2857132,1102.857131,2087,129.8404846,12.984048
314,696493,1844001,1.466298316,6.246999632,1180,126.1238098,1261.238098,2041,145.6261902,14.562619
315,696753,1844003,2.549983633,15.50657621,1260,126.1238098,1261.238098,2041,145.6261902,14.562619
316,696997,1844003,2.881746027,20.7081998,1160,126.1238098,1261.238098,2041,145.6261902,14.562619
317,697250,1844002,2.789172717,39.43177111,390,126.1238098,1261.238098,2041,145.6261902,14.562619
318,697486,1843996,3.702820117,41.63882832,740,126.1238098,1261.238098,2034,145.6261902,14.562619
319,697749,1843999,1.802669427,10.73899841,620,126.1238098,1261.238098,2034,145.6261902,14.562619
320,698007,1844001,3.458443479,27.4832051,1220,126.1238098,1261.238098,2034,145.6261902,14.562619
321,698238,1843996,2.043961807,9.552075266,940,126.1238098,1261.238098,2102,145.6261902,14.562619
322,698505,1844000,1.968852609,9.355242477,990,126.1238098,1261.238098,2102,145.6261902,14.562619
323,698748,1844002,1.372893268,6.085175787,530,126.1238098,1261.238098,2102,145.6261902,14.562619
324,698997,1843998,3.078939086,22.4790832,880,126.1238098,1261.238098,2102,145.6261902,14.562619
325,699256,1844002,3.333796078,30.89176086,800,126.1238098,1261.238098,2102,145.6261902,14.562619
326,699492,1843997,2.715398696,16.49545178,1230,126.1238098,1261.238098,2102,145.6261902,14.562619
327,699744,1843995,1.575256603,6.720580288,910,126.1238098,1261.238098,2102,145.6261902,14.562619
328,699995,1844001,2.227043616,12.4985694,1460,126.1238098,1261.238098,1878,145.6261902,14.562619
329,700248,1843997,4.132864096,36.75520653,1880,126.1238098,1261.238098,1878,145.6261902,14.562619
330,700497,1843998,2.013635227,15.20814751,810,126.1238098,1261.238098,1878,145.6261902,14.562619
331,700751,1844002,2.219660874,17.60236514,720,139.8476257,1398.476257,1878,159.4047699,15.940477
332,701006,1844001,1.220937573,4.185456802,730,139.8476257,1398.476257,2004,159.4047699,15.940477
333,701249,1844400,3.036716081,18.22878746,2150,139.8476257,1398.476257,2112,159.4047699,15.940477
334,701499,1844002,2.019728346,16.10451474,570,139.8476257,1398.476257,2004,159.4047699,15.940477
335,701748,1844000,0.801124191,3.522411374,310,139.8476257,1398.476257,1934,159.4047699,15.940477
336,701995,1844001,2.326123951,15.3167148,1500,139.8476257,1398.476257,1934,159.4047699,15.940477
337,702249,1844020,2.073590167,14.15094835,890,139.8476257,1398.476257,1934,159.4047699,15.940477
338,702498,1844003,1.77390579,16.73694817,440,139.8476257,1398.476257,1934,159.4047699,15.940477
339,702746,1844004,2.918087186,20.24698228,1000,139.8476257,1398.476257,2166,159.4047699,15.940477
340,702989,1844000,2.078426649,23.46361149,470,139.8476257,1398.476257,2166,159.4047699,15.940477
341,703248,1844000,0.553682929,5.928968573,50,139.8476257,1398.476257,2166,159.4047699,15.940477
342,703506,1844003,1.197465164,8.842218233,490,139.8476257,1398.476257,2166,159.4047699,15.940477
343,703750,1844001,0.854950669,11.63996568,40,139.8476257,1398.476257,1974,159.4047699,15.940477
344,700003,1844002,3.854984728,47.75541364,670,126.1238098,1261.238098,1878,145.6261902,14.562619
345,704246,1843999,1.677321451,10.45676928,210,139.8476257,1398.476257,1974,159.4047699,15.940477
350,704511,1844005,3.487207115,35.37470029,530,139.8476257,1398.476257,2179,159.4047699,15.940477
351,704746,1844004,2.746931647,24.19384753,640,139.8476257,1398.476257,2179,159.4047699,15.940477
352,692250,1845000,3.316768645,34.01331682,610,110.2857132,1102.857131,2290,129.8404846,12.984048
353,692507,1844993,2.887435452,25.81390936,980,110.2857132,1102.857131,2290,129.8404846,12.984048
354,692761,1844992,2.839657325,29.88064223,490,110.2857132,1102.857131,2290,129.8404846,12.984048
355,693000,1845000,4.30631928,40.04643342,680,110.2857132,1102.857131,2276,129.8404846,12.984048
356,693250,1845008,3.728442947,29.39427331,800,110.2857132,1102.857131,2276,129.8404846,12.984048
357,693500,1845000,3.279817233,28.38026467,970,110.2857132,1102.857131,2276,129.8404846,12.984048
358,693753,1845008,5.495792232,54.21137597,740,110.2857132,1102.857131,2345,129.8404846,12.984048
359,693999,1845000,3.116074282,32.28175934,510,110.2857132,1102.857131,2345,129.8404846,12.984048
360,694250,1845000,3.015611647,23.73136928,630,110.2857132,1102.857131,2345,129.8404846,12.984048
361,694500,1845000,2.085452035,18.04994547,350,110.2857132,1102.857131,2345,129.8404846,12.984048
362,694750,1845000,3.302098193,29.33617467,730,110.2857132,1102.857131,2408,129.8404846,12.984048
363,695000,1845000,2.431867603,18.48807744,610,110.2857132,1102.857131,2408,129.8404846,12.984048
364,695250,1845000,2.36282168,15.45946,730,110.2857132,1102.857131,2408,129.8404846,12.984048
365,695500,1845000,3.984438766,54.85680977,340,110.2857132,1102.857131,2408,129.8404846,12.984048
366,695750,1845000,4.275691108,47.74943988,830,110.2857132,1102.857131,2202,129.8404846,12.984048
367,696011,1845000,3.899691948,29.06997918,1500,110.2857132,1102.857131,2202,129.8404846,12.984048
368,696252,1844999,2.119811634,14.30313949,810,110.2857132,1102.857131,2202,129.8404846,12.984048
369,696499,1845003,1.434897312,9.835859503,510,126.1238098,1261.238098,2263,145.6261902,14.562619
370,696750,1845000,3.759269039,37.31785297,560,126.1238098,1261.238098,2263,145.6261902,14.562619
371,697000,1845000,4.016428033,36.47662944,560,126.1238098,1261.238098,2263,145.6261902,14.562619
372,697250,1845000,2.106578461,15.35401425,380,126.1238098,1261.238098,2263,145.6261902,14.562619
373,697500,1845000,2.505034511,19.85328685,350,126.1238098,1261.238098,2348,145.6261902,14.562619
374,697750,1845000,1.48122952,11.14502875,330,126.1238098,1261.238098,2348,145.6261902,14.562619
375,698000,1845000,4.323175496,37.95156902,1190,126.1238098,1261.238098,2348,145.6261902,14.562619
376,698250,1845000,2.517102154,16.52094255,990,126.1238098,1261.238098,2190,145.6261902,14.562619
377,698501,1845001,1.818636571,8.575690891,820,126.1238098,1261.238098,2190,145.6261902,14.562619
378,698746,1844991,1.506696841,10.03884579,680,126.1238098,1261.238098,2190,145.6261902,14.562619
379,699000,1845004,4.800238907,44.43560753,1110,126.1238098,1261.238098,2190,145.6261902,14.562619
380,699240,1845011,2.097144258,19.5161401,720,126.1238098,1261.238098,1981,145.6261902,14.562619
381,699487,1844998,2.535918723,11.33886293,570,126.1238098,1261.238098,1981,145.6261902,14.562619
382,699750,1845000,0.676871845,3.385090071,230,126.1238098,1261.238098,1981,145.6261902,14.562619
383,700248,1844998,2.634918161,20.03337077,890,126.1238098,1261.238098,2097,145.6261902,14.562619
384,700498,1845002,1.663323299,20.84359317,310,126.1238098,1261.238098,2097,145.6261902,14.562619
385,700747,1845001,0.278566591,3.123550331,30,139.8476257,1398.476257,2097,159.4047699,15.940477
386,700999,1844998,1.000766121,5.472568364,380,139.8476257,1398.476257,2112,159.4047699,15.940477
387,701251,1845000,1.625233844,9.417845207,720,139.8476257,1398.476257,2112,159.4047699,15.940477
388,701498,1845003,1.571577013,8.880073978,540,139.8476257,1398.476257,2112,159.4047699,15.940477
389,701746,1845008,1.877323878,13.25779864,510,139.8476257,1398.476257,2050,159.4047699,15.940477
390,701998,1845000,2.236313671,19.84447658,490,139.8476257,1398.476257,2050,159.4047699,15.940477
391,702550,1845000,3.060062826,15.33720534,980,139.8476257,1398.476257,2050,159.4047699,15.940477
392,702500,1845000,4.060044335,31.99319841,1490,139.8476257,1398.476257,2050,159.4047699,15.940477
393,702753,1844997,2.390100129,23.04292427,350,139.8476257,1398.476257,2244,159.4047699,15.940477
394,703001,1845003,2.011471455,19.87652748,220,139.8476257,1398.476257,2244,159.4047699,15.940477
395,703241,1845002,2.019194275,17.68968516,380,139.8476257,1398.476257,2244,159.4047699,15.940477
396,703482,1844988,1.736727397,8.854474103,670,139.8476257,1398.476257,2244,159.4047699,15.940477
397,703778,1845005,2.962815305,24.47413497,750,139.8476257,1398.476257,2035,159.4047699,15.940477
398,703999,1845002,1.843171625,11.91233697,950,139.8476257,1398.476257,2035,159.4047699,15.940477
399,704251,1844999,2.148033346,19.44079337,580,139.8476257,1398.476257,2035,159.4047699,15.940477
400,704499,1845000,2.410518125,12.85975928,950,139.8476257,1398.476257,2202,159.4047699,15.940477
408,704751,1845000,3.039009443,41.8287432,210,139.8476257,1398.476257,2202,159.4047699,15.940477
409,705000,1845002,3.73780882,29.10436942,640,139.8476257,1398.476257,2202,159.4047699,15.940477
410,692752,1845996,5.199565963,56.03273098,670,110.2857132,1102.857131,2650,129.8404846,12.984048
411,693002,1845998,3.097817702,43.13159239,170,110.2857132,1102.857131,2611,129.8404846,12.984048
412,693248,1846001,4.076924112,48.26105399,840,110.2857132,1102.857131,2611,129.8404846,12.984048
413,693503,1845996,3.739206043,42.71913389,630,110.2857132,1102.857131,2611,129.8404846,12.984048
414,693750,1846002,5.417501387,56.5431308,940,110.2857132,1102.857131,2389,129.8404846,12.984048
415,694003,1845997,4.6767052,43.23685543,920,110.2857132,1102.857131,2389,129.8404846,12.984048
416,694249,1845997,2.688717935,27.52845125,460,110.2857132,1102.857131,2389,129.8404846,12.984048
417,694501,1846003,5.628092553,44.75265124,1510,110.2857132,1102.857131,2389,129.8404846,12.984048
418,694752,1846001,3.964071821,41.51392478,410,110.2857132,1102.857131,2354,129.8404846,12.984048
419,695003,1846001,2.66171359,21.66747507,870,110.2857132,1102.857131,2354,129.8404846,12.984048
420,695249,1846002,3.809762287,44.17685791,660,110.2857132,1102.857131,2354,129.8404846,12.984048
421,695250,1846002,2.175256818,18.00630372,470,110.2857132,1102.857131,2354,129.8404846,12.984048
422,695751,1846003,2.555356542,26.82620798,570,110.2857132,1102.857131,2256,129.8404846,12.984048
423,696000,1846007,4.359486809,40.65045166,580,110.2857132,1102.857131,2256,129.8404846,12.984048
424,696256,1845997,4.199470573,46.61712482,640,110.2857132,1102.857131,2256,129.8404846,12.984048
425,696503,1846000,3.752574305,29.16677822,1510,126.1238098,1261.238098,2398,145.6261902,14.562619
426,696751,1846004,2.443692558,18.53005019,850,126.1238098,1261.238098,2398,145.6261902,14.562619
427,697001,1846003,2.979700886,33.63580163,360,126.1238098,1261.238098,2398,145.6261902,14.562619
428,697248,1846001,4.106799087,40.00899152,1160,126.1238098,1261.238098,2398,145.6261902,14.562619
429,697504,1846001,2.175402902,14.09312788,890,126.1238098,1261.238098,2406,145.6261902,14.562619
430,697751,1846000,3.69145462,35.09283262,1200,126.1238098,1261.238098,2406,145.6261902,14.562619
431,698000,1846001,2.227031835,18.54179769,570,126.1238098,1261.238098,2406,145.6261902,14.562619
432,698250,1846005,3.350184196,29.65808527,550,126.1238098,1261.238098,2169,145.6261902,14.562619
433,698503,1846001,1.985976646,9.951478102,720,126.1238098,1261.238098,2169,145.6261902,14.562619
434,698750,1846000,2.524151887,19.82103224,1080,126.1238098,1261.238098,2169,145.6261902,14.562619
435,698999,1845999,3.967668159,38.72850972,1120,126.1238098,1261.238098,2169,145.6261902,14.562619
436,699251,1846001,2.203219348,15.36239595,710,126.1238098,1261.238098,1983,145.6261902,14.562619
437,699499,1846001,4.124864816,37.02277927,1040,126.1238098,1261.238098,1983,145.6261902,14.562619
438,699748,1846001,4.481434011,30.52061797,1880,126.1238098,1261.238098,1983,145.6261902,14.562619
439,700004,1846000,2.092018749,16.19172335,860,126.1238098,1261.238098,2191,145.6261902,14.562619
440,700250,1846000,1.667361816,13.31041666,550,126.1238098,1261.238098,2191,145.6261902,14.562619
441,700500,1846001,0.586063324,5.525147652,150,126.1238098,1261.238098,2191,145.6261902,14.562619
442,700750,1846000,2.241397553,29.88479151,280,139.8476257,1398.476257,2191,159.4047699,15.940477
443,701001,1846000,4.911823565,61.86359781,890,139.8476257,1398.476257,2137,159.4047699,15.940477
444,701750,1845998,4.191596171,42.11139512,920,139.8476257,1398.476257,2129,159.4047699,15.940477
445,701500,1846001,1.971390231,11.59650512,920,139.8476257,1398.476257,2137,159.4047699,15.940477
446,701750,1845998,1.74656765,15.24758469,330,139.8476257,1398.476257,2129,159.4047699,15.940477
447,702001,1846002,1.817101903,12.68319334,510,139.8476257,1398.476257,2129,159.4047699,15.940477
448,702252,1846002,1.191917111,19.07901198,50,139.8476257,1398.476257,2129,159.4047699,15.940477
449,702512,1846009,2.006612982,19.34105982,250,139.8476257,1398.476257,2129,159.4047699,15.940477
450,702751,1846000,3.330794286,27.26992392,330,139.8476257,1398.476257,2328,159.4047699,15.940477
451,703000,1846001,2.094157389,25.4740378,250,139.8476257,1398.476257,2328,159.4047699,15.940477
452,703250,1846001,2.234340751,12.44688319,1150,139.8476257,1398.476257,2328,159.4047699,15.940477
453,703502,1846001,0.925849346,3.210802759,200,139.8476257,1398.476257,2325,159.4047699,15.940477
454,703749,1846001,1.900647062,13.90439252,450,139.8476257,1398.476257,2325,159.4047699,15.940477
455,704001,1846001,2.784329166,29.1562763,490,139.8476257,1398.476257,2325,159.4047699,15.940477
456,704251,1846000,6.25599011,75.94434115,940,139.8476257,1398.476257,2325,159.4047699,15.940477
457,704500,1845999,1.80140415,16.09251365,530,139.8476257,1398.476257,2153,159.4047699,15.940477
458,704750,1845998,2.523237684,20.13973543,640,139.8476257,1398.476257,2153,159.4047699,15.940477
468,705003,1845999,3.787791559,46.4555632,620,139.8476257,1398.476257,2153,159.4047699,15.940477
469,705249,1846000,2.069416561,28.6441175,500,134.0476074,1340.476074,2153,154.0595245,15.405952
470,693508,1847009,4.181979756,53.52448597,450,110.2857132,1102.857131,2534,129.8404846,12.984048
471,693765,1847005,3.824622806,45.65406831,290,110.2857132,1102.857131,2546,129.8404846,12.984048
472,694010,1846995,3.735978057,46.39837078,380,110.2857132,1102.857131,2546,129.8404846,12.984048
473,694250,1847006,2.519661766,29.93419893,260,110.2857132,1102.857131,2546,129.8404846,12.984048
474,694489,1846998,4.262292216,33.88338228,990,110.2857132,1102.857131,2546,129.8404846,12.984048
475,694750,1847009,3.063339508,35.80620041,260,110.2857132,1102.857131,2393,129.8404846,12.984048
476,695013,1847000,4.606933569,60.08120113,250,110.2857132,1102.857131,2393,129.8404846,12.984048
477,695252,1847000,2.489589656,26.43584634,580,110.2857132,1102.857131,2393,129.8404846,12.984048
478,695519,1846997,3.599573245,32.35221939,700,110.2857132,1102.857131,2358,129.8404846,12.984048
479,695754,1847004,2.760367454,30.99974974,490,110.2857132,1102.857131,2358,129.8404846,12.984048
480,696000,1847005,4.193217232,50.80521208,680,110.2857132,1102.857131,2358,129.8404846,12.984048
481,696248,1847006,2.484809723,19.62817037,1010,110.2857132,1102.857131,2358,129.8404846,12.984048
482,696509,1847004,3.217727581,25.30216033,630,126.1238098,1261.238098,2386,145.6261902,14.562619
483,698001,1846992,4.222477241,47.12339414,830,126.1238098,1261.238098,2423,145.6261902,14.562619
484,698243,1846999,2.594392401,19.84115928,690,126.1238098,1261.238098,2088,145.6261902,14.562619
485,698497,1847003,2.866792046,21.85549948,1110,126.1238098,1261.238098,2088,145.6261902,14.562619
486,698750,1846996,3.245419935,28.39951437,770,126.1238098,1261.238098,2088,145.6261902,14.562619
487,699001,1846994,3.018713184,24.9953607,750,126.1238098,1261.238098,2088,145.6261902,14.562619
488,699246,1847000,3.615197171,31.4613228,490,126.1238098,1261.238098,2221,145.6261902,14.562619
489,699502,1846998,3.01835033,16.89151773,960,126.1238098,1261.238098,2221,145.6261902,14.562619
490,699735,1847006,0.60537548,3.562437741,250,126.1238098,1261.238098,2221,145.6261902,14.562619
491,700004,1847003,3.656558594,22.94491832,1190,126.1238098,1261.238098,2341,145.6261902,14.562619
492,700281,1846995,3.173863879,28.69405121,930,126.1238098,1261.238098,2341,145.6261902,14.562619
493,700500,1847007,4.164334215,38.27188258,1060,126.1238098,1261.238098,2341,145.6261902,14.562619
494,700748,1847011,2.427192913,17.37127254,660,139.8476257,1398.476257,2341,159.4047699,15.940477
495,701002,1847001,3.622122027,30.03672843,560,139.8476257,1398.476257,2311,159.4047699,15.940477
496,701252,1847005,3.986952825,45.32181798,470,139.8476257,1398.476257,2311,159.4047699,15.940477
497,701502,1847000,3.433039775,18.30287782,870,139.8476257,1398.476257,2311,159.4047699,15.940477
498,701746,1846994,2.766271292,18.48908025,1090,139.8476257,1398.476257,2176,159.4047699,15.940477
499,702004,1847000,6.134615464,40.11417683,1040,139.8476257,1398.476257,2176,159.4047699,15.940477
500,702253,1847004,4.078878182,39.44848535,680,139.8476257,1398.476257,2176,159.4047699,15.940477
501,702504,1847002,0.595202217,3.124413025,240,139.8476257,1398.476257,2176,159.4047699,15.940477
502,702748,1846983,2.915082253,21.19791947,840,139.8476257,1398.476257,2295,159.4047699,15.940477
503,702995,1847000,2.459521473,15.18339133,760,139.8476257,1398.476257,2295,159.4047699,15.940477
504,702245,1846985,1.478707607,10.27874725,750,139.8476257,1398.476257,2176,159.4047699,15.940477
505,703505,1846999,2.145350426,15.38204904,430,139.8476257,1398.476257,2333,159.4047699,15.940477
506,703744,1847004,2.06349623,12.19542107,1180,139.8476257,1398.476257,2333,159.4047699,15.940477
507,704041,1847007,4.652753698,43.62541771,1130,139.8476257,1398.476257,2333,159.4047699,15.940477
508,704248,1846995,2.597119304,24.86860988,780,139.8476257,1398.476257,2333,159.4047699,15.940477
520,704500,1847000,6.028942497,58.50279957,310,139.8476257,1398.476257,2209,159.4047699,15.940477
521,704747,1846996,5.806436841,68.96788496,460,139.8476257,1398.476257,2209,159.4047699,15.940477
522,694005,1847910,3.586025127,43.87272681,160,121.5714264,1215.714263,2767,141.3857117,14.138571
523,694251,1848001,4.131023908,56.42902927,290,121.5714264,1215.714263,2767,141.3857117,14.138571
524,694499,1848000,1.102710017,16.6626499,30,121.5714264,1215.714263,2767,141.3857117,14.138571
525,694746,1848002,1.604760085,15.36244697,570,121.5714264,1215.714263,2582,141.3857117,14.138571
526,695001,1847996,4.121476608,58.47913013,170,121.5714264,1215.714263,2582,141.3857117,14.138571
527,695256,1848007,4.501990237,66.52950214,260,121.5714264,1215.714263,2582,141.3857117,14.138571
528,695498,1848003,6.318812539,94.18458117,260,121.5714264,1215.714263,2441,141.3857117,14.138571
529,695737,1847997,3.675906878,53.92259513,220,121.5714264,1215.714263,2441,141.3857117,14.138571
530,695981,1847998,3.077666741,36.36572282,280,121.5714264,1215.714263,2441,141.3857117,14.138571
531,696279,1847993,1.516422427,16.11952713,210,121.5714264,1215.714263,2441,141.3857117,14.138571
532,696499,1847999,3.198000735,36.10616347,350,111.4666748,1114.666748,2480,131.4690552,13.146906
533,696751,1847999,1.858101258,22.29467856,210,111.4666748,1114.666748,2480,131.4690552,13.146906
534,696998,1848001,2.679180846,24.57522606,740,111.4666748,1114.666748,2480,131.4690552,13.146906
535,697251,1847999,2.393817418,33.52757245,310,111.4666748,1114.666748,2480,131.4690552,13.146906
536,697500,1848001,4.235075813,62.94846876,400,111.4666748,1114.666748,2292,131.4690552,13.146906
537,697749,1848005,4.394480224,43.45163106,940,111.4666748,1114.666748,2292,131.4690552,13.146906
539,698001,1848005,2.677540934,33.44244806,360,111.4666748,1114.666748,2292,131.4690552,13.146906
540,698246,1848000,2.742254601,31.96354707,480,111.4666748,1114.666748,2461,131.4690552,13.146906
541,698494,1847999,2.182387447,26.0964261,170,111.4666748,1114.666748,2461,131.4690552,13.146906
542,698742,1847999,1.878494907,15.08751117,580,111.4666748,1114.666748,2461,131.4690552,13.146906
543,699009,1847999,1.978095175,15.46823295,620,111.4666748,1114.666748,2461,131.4690552,13.146906
544,699253,1847999,2.93412266,38.13193137,340,111.4666748,1114.666748,2381,131.4690552,13.146906
546,699994,1849984,4.009021728,51.62448201,290,111.4666748,1114.666748,2752,131.4690552,13.146906
547,699756,1848014,4.523550988,41.84604018,780,111.4666748,1114.666748,2381,131.4690552,13.146906
548,700001,1848001,3.388848562,37.17473104,360,111.4666748,1114.666748,2429,131.4690552,13.146906
549,700249,1848001,3.26174365,33.23757279,580,111.4666748,1114.666748,2429,131.4690552,13.146906
550,700504,1848019,1.358767097,13.56480066,400,111.4666748,1114.666748,2429,131.4690552,13.146906
551,700752,1848006,5.599541759,68.12249796,500,101.8190384,1018.190383,2429,122.0428543,12.204285
552,700999,1848013,3.687026545,51.46576519,370,101.8190384,1018.190383,2392,122.0428543,12.204285
553,701245,1848025,1.034040299,6.023905268,290,101.8190384,1018.190383,2392,122.0428543,12.204285
554,701498,1848004,2.671484729,19.64802711,630,101.8190384,1018.190383,2392,122.0428543,12.204285
555,701748,1847999,4.752240869,65.91625192,330,101.8190384,1018.190383,2224,122.0428543,12.204285
556,702002,1848011,4.086391301,36.73197802,910,101.8190384,1018.190383,2224,122.0428543,12.204285
557,702247,1848003,2.000362784,18.60042073,490,101.8190384,1018.190383,2224,122.0428543,12.204285
558,704000,1848000,3.823869609,50.5165447,790,101.8190384,1018.190383,2306,122.0428543,12.204285
559,702747,1847999,1.526215556,15.4840287,350,101.8190384,1018.190383,2199,122.0428543,12.204285
560,703001,1848002,2.090218617,24.17471937,280,101.8190384,1018.190383,2199,122.0428543,12.204285
561,703248,1848001,1.521257338,10.05603978,470,101.8190384,1018.190383,2199,122.0428543,12.204285
562,703501,1848001,3.458254983,37.68911161,530,101.8190384,1018.190383,2306,122.0428543,12.204285
563,703750,1848000,2.0214413,16.13494624,640,101.8190384,1018.190383,2306,122.0428543,12.204285
564,704001,1847997,1.979183737,22.6578822,460,101.8190384,1018.190383,2306,122.0428543,12.204285
565,704249,1847999,4.393184317,38.18400586,920,101.8190384,1018.190383,2306,122.0428543,12.204285
566,704502,1848000,2.75631637,26.50756208,730,101.8190384,1018.190383,2296,122.0428543,12.204285
567,704750,1848000,1.879863856,19.80893892,540,101.8190384,1018.190383,2296,122.0428543,12.204285
580,705002,1848001,4.172256526,66.34332266,220,101.8190384,1018.190383,2296,122.0428543,12.204285
581,705253,1848001,4.523134727,68.86278615,650,120.6000061,1206.000061,2296,141.0619049,14.10619
582,705500,1848001,4.867127341,62.43332717,700,120.6000061,1206.000061,2306,141.0619049,14.10619
583,705750,1848000,4.415561096,56.40034663,980,120.6000061,1206.000061,2306,141.0619049,14.10619
584,694003,1849000,1.685533574,15.90722441,410,121.5714264,1215.714263,2402,141.3857117,14.138571
585,694745,1849002,4.90015569,56.0343062,580,121.5714264,1215.714263,2482,141.3857117,14.138571
586,694999,1849000,5.995362798,76.3892171,1500,121.5714264,1215.714263,2482,141.3857117,14.138571
587,695252,1849000,3.7116637,51.34439794,680,121.5714264,1215.714263,2482,141.3857117,14.138571
588,695502,1844900,3.085482238,45.26895538,490,110.2857132,1102.857131,2408,129.8404846,12.984048
589,695703,1848997,5.313430633,72.6274932,560,121.5714264,1215.714263,2578,141.3857117,14.138571
590,696003,1849001,2.827661154,26.61578898,730,121.5714264,1215.714263,2578,141.3857117,14.138571
591,696250,1849000,3.747349051,44.8141725,350,121.5714264,1215.714263,2578,141.3857117,14.138571
592,696503,1849002,3.898447092,41.40520047,750,111.4666748,1114.666748,2682,131.4690552,13.146906
593,696751,1849001,4.482685936,50.74710421,540,111.4666748,1114.666748,2682,131.4690552,13.146906
594,697000,1849000,2.291114828,26.00192283,340,111.4666748,1114.666748,2682,131.4690552,13.146906
595,697250,1849000,0.525278219,6.746862525,50,111.4666748,1114.666748,2784,131.4690552,13.146906
596,697502,1849003,3.207465568,43.73480286,180,111.4666748,1114.666748,2784,131.4690552,13.146906
597,698002,1849004,3.870945589,47.39907585,310,111.4666748,1114.666748,2784,131.4690552,13.146906
598,698250,1849000,2.74773511,26.97754233,460,111.4666748,1114.666748,2743,131.4690552,13.146906
599,698749,1849001,4.150490787,58.13029948,300,111.4666748,1114.666748,2743,131.4690552,13.146906
600,699057,1848986,4.219542994,62.63555408,190,111.4666748,1114.666748,2729,131.4690552,13.146906
601,699252,1849001,3.457813589,43.55194053,400,111.4666748,1114.666748,2729,131.4690552,13.146906
602,699542,1848950,5.417467615,56.16189689,1090,111.4666748,1114.666748,2493,131.4690552,13.146906
603,699774,1849001,7.404693044,99.61432027,590,111.4666748,1114.666748,2729,131.4690552,13.146906
604,699998,1849004,4.073658426,51.61434771,360,111.4666748,1114.666748,2647,131.4690552,13.146906
605,700248,1849002,4.914197039,62.56324846,350,111.4666748,1114.666748,2647,131.4690552,13.146906
606,700500,1849004,3.833651743,45.45019676,480,111.4666748,1114.666748,2647,131.4690552,13.146906
607,700748,1848998,4.407517048,48.44717067,720,101.8190384,1018.190383,2573,122.0428543,12.204285
608,701002,1848998,2.799807008,26.79927993,590,101.8190384,1018.190383,2558,122.0428543,12.204285
609,701250,1849003,1.906377327,16.27433222,480,101.8190384,1018.190383,2558,122.0428543,12.204285
610,701501,1849012,1.81742156,15.76801763,430,101.8190384,1018.190383,2670,122.0428543,12.204285
611,701753,1849000,4.83308897,47.31653329,1470,101.8190384,1018.190383,2454,122.0428543,12.204285
612,702000,1848999,2.310294251,26.53217625,500,101.8190384,1018.190383,2454,122.0428543,12.204285
613,702248,1849001,1.58260793,13.01833405,340,101.8190384,1018.190383,2454,122.0428543,12.204285
614,702501,1849000,2.659047949,28.31197719,600,101.8190384,1018.190383,2454,122.0428543,12.204285
615,702754,1849003,2.03200569,16.24513497,790,101.8190384,1018.190383,2326,122.0428543,12.204285
616,702999,1849000,4.513959705,52.80768504,450,101.8190384,1018.190383,2326,122.0428543,12.204285
617,703253,1849000,1.982831126,23.85033403,270,101.8190384,1018.190383,2326,122.0428543,12.204285
618,703500,1849000,2.514533902,33.99514548,110,101.8190384,1018.190383,2439,122.0428543,12.204285
619,703751,1848999,2.786961821,38.57956956,180,101.8190384,1018.190383,2439,122.0428543,12.204285
620,704002,1849000,3.151723505,30.53993197,760,101.8190384,1018.190383,2439,122.0428543,12.204285
621,704249,1849002,6.560978281,83.88914529,640,101.8190384,1018.190383,2439,122.0428543,12.204285
622,704498,1849002,5.480112544,69.60229687,600,101.8190384,1018.190383,2626,122.0428543,12.204285
635,704771,1849006,3.86640913,45.4919292,450,101.8190384,1018.190383,2626,122.0428543,12.204285
636,705002,1849001,3.943410351,45.40972201,750,101.8190384,1018.190383,2626,122.0428543,12.204285
637,702250,1849001,3.02059971,34.57713564,530,101.8190384,1018.190383,2454,122.0428543,12.204285
638,705504,1849002,4.495657572,39.66204352,990,120.6000061,1206.000061,2558,141.0619049,14.10619
639,694502,1849999,5.692433156,72.06486265,310,121.5714264,1215.714263,2498,141.3857117,14.138571
640,694752,1849997,3.648710896,38.75267277,210,121.5714264,1215.714263,2421,141.3857117,14.138571
641,695001,1850000,3.453680039,39.49807093,510,121.5714264,1215.714263,2421,141.3857117,14.138571
642,695221,1850003,1.284373398,12.7873121,350,121.5714264,1215.714263,2421,141.3857117,14.138571
643,695484,1850001,0.25548531,3.24369983,30,121.5714264,1215.714263,2556,141.3857117,14.138571
644,695749,1850001,4.266096684,72.14630599,340,121.5714264,1215.714263,2556,141.3857117,14.138571
645,696001,1850002,5.230253826,68.53036909,500,121.5714264,1215.714263,2556,141.3857117,14.138571
646,696251,1849998,3.622462889,43.66864806,390,121.5714264,1215.714263,2556,141.3857117,14.138571
647,696500,1850003,5.665810515,64.25695441,590,111.4666748,1114.666748,2592,131.4690552,13.146906
648,696754,1850001,6.144148627,84.49520795,1030,111.4666748,1114.666748,2592,131.4690552,13.146906
649,697001,1850001,4.747158557,75.55657862,360,111.4666748,1114.666748,2592,131.4690552,13.146906
650,697252,1849998,3.552510617,47.39910304,530,111.4666748,1114.666748,2642,131.4690552,13.146906
651,697502,1850002,4.675860112,58.21545991,300,111.4666748,1114.666748,2642,131.4690552,13.146906
652,697754,1850001,3.551297962,49.35452386,290,111.4666748,1114.666748,2642,131.4690552,13.146906
653,698002,1850005,5.634773935,81.57476151,270,111.4666748,1114.666748,2642,131.4690552,13.146906
654,698251,1850000,6.751435765,110.4020038,540,111.4666748,1114.666748,2621,131.4690552,13.146906
655,698499,1850002,4.502093124,67.61668659,260,111.4666748,1114.666748,2621,131.4690552,13.146906
656,698750,1850000,5.369347841,77.55200668,450,111.4666748,1114.666748,2621,131.4690552,13.146906
657,699002,1850002,3.336194684,37.7407829,360,111.4666748,1114.666748,2621,131.4690552,13.146906
658,699251,1850006,4.394936541,58.74365846,420,111.4666748,1114.666748,2783,131.4690552,13.146906
659,699500,1850001,2.780175195,28.29998559,710,111.4666748,1114.666748,2783,131.4690552,13.146906
660,699751,1849999,2.711858122,20.33802661,580,111.4666748,1114.666748,2783,131.4690552,13.146906
661,700001,1850001,5.382249576,60.18282988,960,111.4666748,1114.666748,2752,131.4690552,13.146906
662,700232,1849999,3.586944828,45.99107418,280,111.4666748,1114.666748,2752,131.4690552,13.146906
663,700503,1849996,4.824837577,65.8067042,230,111.4666748,1114.666748,2752,131.4690552,13.146906
664,700750,1849946,5.534980459,57.83922512,560,101.8190384,1018.190383,2752,122.0428543,12.204285
665,700999,1850006,3.418021391,27.36760265,530,101.8190384,1018.190383,2677,122.0428543,12.204285
666,701251,1850004,4.627602893,41.7845982,970,101.8190384,1018.190383,2677,122.0428543,12.204285
667,701492,1850023,4.267508045,42.17273959,510,101.8190384,1018.190383,2677,122.0428543,12.204285
668,701749,1850001,1.482317297,11.06790532,400,101.8190384,1018.190383,2598,122.0428543,12.204285
669,702000,1850001,3.501027767,33.65489355,570,101.8190384,1018.190383,2598,122.0428543,12.204285
670,702248,1850000,3.225398565,33.95796279,390,101.8190384,1018.190383,2598,122.0428543,12.204285
671,702514,1850004,5.29180548,57.62768246,540,101.8190384,1018.190383,2598,122.0428543,12.204285
672,702753,1850004,2.640496059,22.02424418,660,101.8190384,1018.190383,2626,122.0428543,12.204285
673,703001,1849997,5.061071207,45.22466761,430,101.8190384,1018.190383,2626,122.0428543,12.204285
674,703252,1849998,4.019892424,43.86773239,620,101.8190384,1018.190383,2626,122.0428543,12.204285
675,703502,1849998,2.995897367,28.32494011,570,101.8190384,1018.190383,2762,122.0428543,12.204285
676,703750,1849999,5.4870696,71.37020262,290,101.8190384,1018.190383,2762,122.0428543,12.204285
689,703999,1850001,4.508251431,36.42788036,780,101.8190384,1018.190383,2762,122.0428543,12.204285
690,704252,1850001,3.201292339,28.04862899,610,101.8190384,1018.190383,2762,122.0428543,12.204285
691,704503,1849999,3.575925692,33.60312902,740,101.8190384,1018.190383,2653,122.0428543,12.204285
692,704753,1850001,2.432942028,34.45411047,240,101.8190384,1018.190383,2653,122.0428543,12.204285
693,694500,1851007,2.633615186,20.49182693,410,121.5714264,1215.714263,2181,141.3857117,14.138571
694,694751,1851071,4.389084539,33.34816995,770,121.5714264,1215.714263,2380,141.3857117,14.138571
695,695001,1851002,3.493107812,46.39935043,230,121.5714264,1215.714263,2380,141.3857117,14.138571
696,695256,1851000,4.00694435,56.48949606,240,121.5714264,1215.714263,2380,141.3857117,14.138571
697,695491,1851000,5.195984548,66.89415445,450,121.5714264,1215.714263,2355,141.3857117,14.138571
698,695757,1851003,5.423651055,45.6697806,1160,121.5714264,1215.714263,2355,141.3857117,14.138571
699,696006,1851000,3.983943965,30.34006945,900,121.5714264,1215.714263,2355,141.3857117,14.138571
700,696248,1851017,2.711381385,26.98206462,380,121.5714264,1215.714263,2355,141.3857117,14.138571
701,696498,1851003,5.368934721,66.19716008,810,111.4666748,1114.666748,2262,131.4690552,13.146906
702,696744,1851011,5.174196032,52.6775161,1050,111.4666748,1114.666748,2262,131.4690552,13.146906
703,697000,1851003,6.014885441,71.82612141,510,111.4666748,1114.666748,2262,131.4690552,13.146906
704,697247,1851004,4.168211726,40.06609439,930,111.4666748,1114.666748,2428,131.4690552,13.146906
705,697500,1851006,4.913100623,78.49230355,320,111.4666748,1114.666748,2428,131.4690552,13.146906
706,697746,1850998,4.965963417,65.69700111,340,111.4666748,1114.666748,2428,131.4690552,13.146906
707,698007,1851004,5.65412379,88.36542299,590,111.4666748,1114.666748,2428,131.4690552,13.146906
708,698260,1851002,3.877519372,55.61073601,360,111.4666748,1114.666748,2311,131.4690552,13.146906
709,698505,1850996,3.733501696,45.82787443,330,111.4666748,1114.666748,2311,131.4690552,13.146906
710,698749,1851004,5.729096328,89.54003713,360,111.4666748,1114.666748,2311,131.4690552,13.146906
711,699001,1850991,5.141436289,79.47256264,390,111.4666748,1114.666748,2311,131.4690552,13.146906
712,699256,1850999,4.028864027,49.49352141,310,111.4666748,1114.666748,2578,131.4690552,13.146906
713,699500,1850996,4.580644722,55.18368147,360,111.4666748,1114.666748,2578,131.4690552,13.146906
714,699752,1851003,4.542503431,50.58579039,490,111.4666748,1114.666748,2578,131.4690552,13.146906
715,700002,1851008,3.207171829,45.68922896,150,111.4666748,1114.666748,2731,131.4690552,13.146906
716,700251,1851002,3.29251555,44.56741029,250,111.4666748,1114.666748,2731,131.4690552,13.146906
717,700506,1851004,5.342942754,75.52008084,480,111.4666748,1114.666748,2731,131.4690552,13.146906
718,700750,1851002,3.252194779,43.55567033,340,101.8190384,1018.190383,2731,122.0428543,12.204285
719,700998,1851000,3.44572317,33.68644876,600,101.8190384,1018.190383,2740,122.0428543,12.204285
720,701256,1850999,4.815163043,68.10501889,300,101.8190384,1018.190383,2740,122.0428543,12.204285
721,701501,1851007,4.570254689,51.13247837,380,101.8190384,1018.190383,2740,122.0428543,12.204285
722,701746,1851002,3.529700298,36.00369914,370,101.8190384,1018.190383,2780,122.0428543,12.204285
723,702010,1850990,3.616979239,31.31689621,560,101.8190384,1018.190383,2780,122.0428543,12.204285
724,702252,1851015,3.510154094,27.66334397,500,101.8190384,1018.190383,2780,122.0428543,12.204285
725,702506,1850999,6.542377697,94.65880038,330,101.8190384,1018.190383,2780,122.0428543,12.204285
726,702748,1851003,4.7709734,76.54148336,150,101.8190384,1018.190383,2779,122.0428543,12.204285
727,703004,1851004,2.660078391,31.76626308,170,101.8190384,1018.190383,2779,122.0428543,12.204285
737,703253,1851002,3.327830193,25.99727438,590,101.8190384,1018.190383,2779,122.0428543,12.204285
738,703502,1850998,2.525104575,30.9701459,350,101.8190384,1018.190383,2619,122.0428543,12.204285
739,703748,1851003,3.284469931,34.32589388,850,101.8190384,1018.190383,2619,122.0428543,12.204285
740,703991,1850998,4.021512701,39.81715001,1010,101.8190384,1018.190383,2619,122.0428543,12.204285
741,694752,1852003,4.371197881,59.68365072,450,143.5619049,1435.619049,2286,163.8000183,16.380002
742,694996,1851996,2.810553611,36.21881869,260,143.5619049,1435.619049,2286,163.8000183,16.380002
743,695256,1851988,0.508749514,7.465062473,60,143.5619049,1435.619049,2286,163.8000183,16.380002
744,695502,1851998,1.900716177,23.63525384,160,143.5619049,1435.619049,2168,163.8000183,16.380002
745,695745,1851996,3.176358303,27.5607091,820,143.5619049,1435.619049,2168,163.8000183,16.380002
746,696008,1852014,2.530382451,20.63655229,530,143.5619049,1435.619049,2168,163.8000183,16.380002
747,696285,1852000,2.981971473,25.64043489,690,143.5619049,1435.619049,2168,163.8000183,16.380002
748,696498,1851996,2.880487034,24.78016508,760,124.4190369,1244.190368,2059,144.9880829,14.498808
749,696758,1852002,2.872296902,23.66647678,600,124.4190369,1244.190368,2059,144.9880829,14.498808
750,697002,1852002,5.807937737,85.41208324,560,124.4190369,1244.190368,2059,144.9880829,14.498808
751,697257,1852003,3.382343894,38.46339093,440,124.4190369,1244.190368,2225,144.9880829,14.498808
754,697516,1852003,2.889245009,38.34684464,450,124.4190369,1244.190368,2225,144.9880829,14.498808
755,697751,1852007,5.003698657,60.88974397,460,124.4190369,1244.190368,2225,144.9880829,14.498808
756,698000,1851998,4.420934791,55.86146927,530,124.4190369,1244.190368,2225,144.9880829,14.498808
757,698249,1851999,2.841532856,31.48650508,280,124.4190369,1244.190368,2428,144.9880829,14.498808
758,698497,1852000,4.343488248,54.26477145,370,124.4190369,1244.190368,2428,144.9880829,14.498808
759,698755,1852001,5.097797996,80.63750509,330,124.4190369,1244.190368,2428,144.9880829,14.498808
760,698996,1852000,4.347815792,74.286515,280,124.4190369,1244.190368,2428,144.9880829,14.498808
761,699255,1852003,1.781184074,13.57614624,930,124.4190369,1244.190368,2493,144.9880829,14.498808
762,695003,1852008,0.230721706,2.925838104,10,143.5619049,1435.619049,2286,163.8000183,16.380002
763,699755,1852000,0.243134924,2.53682673,30,124.4190369,1244.190368,2493,144.9880829,14.498808
764,699755,1852000,1.559527434,8.328533435,590,124.4190369,1244.190368,2493,144.9880829,14.498808
765,700263,1852005,1.490000847,14.34407576,260,124.4190369,1244.190368,2604,144.9880829,14.498808
766,700515,1852003,0.420425208,2.950059702,230,124.4190369,1244.190368,2604,144.9880829,14.498808
767,700744,1852001,3.910972621,61.81532595,180,120.5809479,1205.809478,2604,141.3023682,14.130237
768,701000,1851997,2.242960495,20.79626824,390,120.5809479,1205.809478,2815,141.3023682,14.130237
769,701251,1852000,3.09109705,35.35724012,270,120.5809479,1205.809478,2815,141.3023682,14.130237
771,701506,1852004,4.990664189,68.14584839,160,120.5809479,1205.809478,2815,141.3023682,14.130237
772,701748,1852002,3.58389984,49.36246556,410,120.5809479,1205.809478,2820,141.3023682,14.130237
773,701997,1851995,3.417623194,55.52040904,290,120.5809479,1205.809478,2820,141.3023682,14.130237
774,702250,1852004,4.288102755,56.25018219,430,120.5809479,1205.809478,2820,141.3023682,14.130237
783,702501,1851998,2.19822186,13.88947733,650,120.5809479,1205.809478,2820,141.3023682,14.130237
784,702755,1852003,2.84757571,25.68544968,850,120.5809479,1205.809478,2780,141.3023682,14.130237
785,703243,1852009,0.990639982,4.907061804,460,120.5809479,1205.809478,2780,141.3023682,14.130237
786,703504,1852000,4.076097088,34.71630982,1110,120.5809479,1205.809478,2542,141.3023682,14.130237
787,703748,1852000,3.744172901,56.86231488,290,120.5809479,1205.809478,2542,141.3023682,14.130237
788,703996,1852004,2.298525059,12.87154051,680,120.5809479,1205.809478,2542,141.3023682,14.130237
789,695000,1853000,2.042478189,18.87817264,540,143.5619049,1435.619049,2328,163.8000183,16.380002
790,695250,1853000,2.421391963,22.66008393,730,143.5619049,1435.619049,2328,163.8000183,16.380002
791,695500,1853000,2.827265313,23.51273764,690,143.5619049,1435.619049,1999,163.8000183,16.380002
792,695750,1853000,2.676000768,23.22072532,880,143.5619049,1435.619049,1999,163.8000183,16.380002
793,696000,1853000,3.052441323,30.46718612,1190,143.5619049,1435.619049,1999,163.8000183,16.380002
794,695250,1853000,5.915615825,97.09577904,550,143.5619049,1435.619049,2328,163.8000183,16.380002
795,696500,1853000,5.281571742,84.77426095,620,124.4190369,1244.190368,2269,144.9880829,14.498808
796,696750,1853000,2.762141668,25.30594841,820,124.4190369,1244.190368,2269,144.9880829,14.498808
797,697000,1853000,3.234292413,28.800688,770,124.4190369,1244.190368,2269,144.9880829,14.498808
798,697250,1853000,2.328490355,22.53661801,600,124.4190369,1244.190368,2388,144.9880829,14.498808
799,697750,1853000,3.788627223,31.66484018,1110,124.4190369,1244.190368,2388,144.9880829,14.498808
800,697750,1853000,2.029004684,16.35399285,950,124.4190369,1244.190368,2388,144.9880829,14.498808
801,698000,1853000,6.039824974,52.04500773,1400,124.4190369,1244.190368,2388,144.9880829,14.498808
802,698250,1853000,3.249906914,39.1735238,550,124.4190369,1244.190368,2632,144.9880829,14.498808
803,698522,1853002,4.219556345,46.83134069,610,124.4190369,1244.190368,2632,144.9880829,14.498808
804,698789,1853010,4.817492533,56.21487021,740,124.4190369,1244.190368,2632,144.9880829,14.498808
805,699000,1853000,2.316476905,23.2917602,510,124.4190369,1244.190368,2786,144.9880829,14.498808
806,699221,1853008,4.070364466,61.47162203,220,124.4190369,1244.190368,2786,144.9880829,14.498808
807,699500,1853000,2.722331406,45.09787839,120,124.4190369,1244.190368,2786,144.9880829,14.498808
808,699750,1853000,3.012401724,46.79327786,160,124.4190369,1244.190368,2786,144.9880829,14.498808
809,699962,1852996,2.73066291,45.44047799,180,124.4190369,1244.190368,2679,144.9880829,14.498808
810,700250,1853000,4.140645036,46.32714121,380,124.4190369,1244.190368,2679,144.9880829,14.498808
811,700500,1853000,6.27208606,97.08757039,400,124.4190369,1244.190368,2679,144.9880829,14.498808
812,700722,1853000,3.177026677,54.92293517,420,120.5809479,1205.809478,2679,141.3023682,14.130237
813,701000,1853000,2.92680432,42.20180871,220,120.5809479,1205.809478,2762,141.3023682,14.130237
814,701250,1853000,3.622043487,65.46597002,250,120.5809479,1205.809478,2762,141.3023682,14.130237
815,701500,1853000,5.374100285,88.6680346,330,120.5809479,1205.809478,2762,141.3023682,14.130237
816,701750,1853000,5.225369435,52.00171411,1510,120.5809479,1205.809478,2867,141.3023682,14.130237
817,702000,1853000,3.730617714,36.29933973,590,120.5809479,1205.809478,2867,141.3023682,14.130237
818,702250,1853000,3.851659352,35.5997613,860,120.5809479,1205.809478,2867,141.3023682,14.130237
819,702500,1853000,4.991977375,59.13751225,1080,120.5809479,1205.809478,2867,141.3023682,14.130237
820,702716,1853000,4.079537132,36.39529553,1030,120.5809479,1205.809478,2900,141.3023682,14.130237
821,702989,1852996,4.430219768,36.59825839,1400,120.5809479,1205.809478,2900,141.3023682,14.130237
822,703262,1853008,2.934292306,29.87959791,800,120.5809479,1205.809478,2900,141.3023682,14.130237
823,703500,1853000,3.228503244,23.08567543,620,120.5809479,1205.809478,2619,141.3023682,14.130237
824,703750,1853000,2.066868729,16.71083375,840,120.5809479,1205.809478,2619,141.3023682,14.130237
825,704000,1853000,1.065797089,5.342975342,220,120.5809479,1205.809478,2619,141.3023682,14.130237
846,704250,1853000,3.152646347,40.41933492,660,120.5809479,1205.809478,2619,141.3023682,14.130237
847,704500,1853000,1.397578333,7.95893995,440,120.5809479,1205.809478,2525,141.3023682,14.130237
848,704750,1853000,1.169060454,13.42479527,160,120.5809479,1205.809478,2525,141.3023682,14.130237
849,705000,1853000,2.083954281,13.81267074,460,120.5809479,1205.809478,2525,141.3023682,14.130237
850,705250,1853000,3.397312012,33.36907337,940,141.3428497,1413.428497,2408,162.361908,16.236191
851,705500,1853000,1.273264726,14.16152779,150,141.3428497,1413.428497,2408,162.361908,16.236191
852,695498,1853994,2.35501011,21.36913135,690,143.5619049,1435.619049,2148,163.8000183,16.380002
853,695758,1854002,3.791001481,36.33979784,580,143.5619049,1435.619049,2148,163.8000183,16.380002
854,695997,1853999,4.174584446,47.31200966,510,143.5619049,1435.619049,2148,163.8000183,16.380002
855,696265,1853980,6.748911496,74.47859296,840,143.5619049,1435.619049,2148,163.8000183,16.380002
857,696498,1854000,1.658339162,11.79512521,330,124.4190369,1244.190368,2380,144.9880829,14.498808
858,696756,1854028,4.806277833,47.31394834,450,124.4190369,1244.190368,2380,144.9880829,14.498808
859,697002,1854006,5.837662701,78.94883914,780,124.4190369,1244.190368,2380,144.9880829,14.498808
860,697262,1854029,3.3438908,40.92626293,330,124.4190369,1244.190368,2563,144.9880829,14.498808
861,697513,1853993,2.989041627,40.85334163,310,124.4190369,1244.190368,2563,144.9880829,14.498808
862,697748,1854011,3.841080824,48.45019707,260,124.4190369,1244.190368,2563,144.9880829,14.498808
863,698301,1854023,5.646758326,91.47429288,500,124.4190369,1244.190368,2717,144.9880829,14.498808
864,698504,1854005,3.354499959,51.64498764,120,124.4190369,1244.190368,2717,144.9880829,14.498808
865,698751,1853999,4.453111768,68.68331932,370,124.4190369,1244.190368,2717,144.9880829,14.498808
866,696015,1853992,3.027572475,37.77177323,240,143.5619049,1435.619049,2148,163.8000183,16.380002
867,699282,1854010,3.864093776,59.49765929,280,124.4190369,1244.190368,2811,144.9880829,14.498808
868,699511,1854000,3.608710568,49.23774563,310,124.4190369,1244.190368,2811,144.9880829,14.498808
869,699755,1854012,1.655002006,20.32272259,50,124.4190369,1244.190368,2811,144.9880829,14.498808
870,696986,1853994,3.663555707,63.32668346,240,124.4190369,1244.190368,2380,144.9880829,14.498808
871,700216,1854016,3.630592546,57.09151584,240,124.4190369,1244.190368,2908,144.9880829,14.498808
872,700497,1854002,3.06621328,44.12425761,120,124.4190369,1244.190368,2908,144.9880829,14.498808
873,700748,1853995,2.838483155,42.23474329,120,120.5809479,1205.809478,2908,141.3023682,14.130237
874,700996,1854012,0.485904638,6.682249637,40,120.5809479,1205.809478,2920,141.3023682,14.130237
875,701249,1853999,1.132437338,16.32110298,60,120.5809479,1205.809478,2920,141.3023682,14.130237
876,701491,1853988,1.515446177,25.92803877,90,120.5809479,1205.809478,2920,141.3023682,14.130237
877,701747,1853996,3.672771569,55.49686049,200,120.5809479,1205.809478,2823,141.3023682,14.130237
878,702002,1854012,1.755831422,21.35490437,220,120.5809479,1205.809478,2823,141.3023682,14.130237
879,702251,1854002,2.063444393,20.63174441,280,120.5809479,1205.809478,2823,141.3023682,14.130237
880,702495,1854003,2.487559402,21.62472938,540,120.5809479,1205.809478,2823,141.3023682,14.130237
881,702752,1853999,3.228247989,30.57857776,640,120.5809479,1205.809478,2581,141.3023682,14.130237
882,703019,1853990,3.006064347,21.86811237,810,120.5809479,1205.809478,2581,141.3023682,14.130237
883,703252,1853985,1.847951558,18.7524435,590,120.5809479,1205.809478,2581,141.3023682,14.130237
884,703504,1854005,3.338627062,35.72449792,410,120.5809479,1205.809478,2423,141.3023682,14.130237
885,703761,1853993,3.085756342,32.69486632,340,120.5809479,1205.809478,2423,141.3023682,14.130237
886,704007,1853989,3.415039234,26.05230194,730,120.5809479,1205.809478,2423,141.3023682,14.130237
887,704258,1854009,1.714414235,14.47179357,370,120.5809479,1205.809478,2423,141.3023682,14.130237
888,704496,1853995,1.991907187,10.07134593,1110,120.5809479,1205.809478,2265,141.3023682,14.130237
889,704752,1854003,1.531820943,11.21433853,610,120.5809479,1205.809478,2265,141.3023682,14.130237
890,705002,1853991,1.373311886,7.576461798,610,120.5809479,1205.809478,2265,141.3023682,14.130237
891,705252,1854002,2.882866005,24.5677544,1170,141.3428497,1413.428497,2314,162.361908,16.236191
892,705500,1854001,1.313221072,5.47865821,430,141.3428497,1413.428497,2314,162.361908,16.236191
893,705753,1854002,1.76447787,15.41599509,480,141.3428497,1413.428497,2314,162.361908,16.236191
894,706002,1854001,1.308873108,13.34638223,220,141.3428497,1413.428497,2314,162.361908,16.236191
908,706250,1854000,2.288204142,14.50097395,750,141.3428497,1413.428497,2155,162.361908,16.236191
909,706500,1854002,1.763762372,12.2275634,290,141.3428497,1413.428497,2155,162.361908,16.236191
910,706751,1854000,2.783012054,29.58899226,420,141.3428497,1413.428497,2155,162.361908,16.236191
911,706994,1854000,3.12264885,27.75584154,740,141.3428497,1413.428497,1964,162.361908,16.236191
912,707252,1854002,4.250431918,39.14902484,640,141.3428497,1413.428497,1964,162.361908,16.236191
913,707469,1853995,3.220635125,36.3511696,310,141.3428497,1413.428497,1964,162.361908,16.236191
914,695250,1855000,2.085155854,13.95697048,720,143.5619049,1435.619049,2005,163.8000183,16.380002
915,695599,1855000,3.542266668,43.31407565,390,143.5619049,1435.619049,2225,163.8000183,16.380002
916,695750,1855000,2.665373546,29.28715184,390,143.5619049,1435.619049,2225,163.8000183,16.380002
917,696000,1855000,2.225182223,21.10237783,450,143.5619049,1435.619049,2225,163.8000183,16.380002
918,696250,1855000,1.721083836,14.97666423,450,143.5619049,1435.619049,2225,163.8000183,16.380002
919,696500,1855000,2.886310762,29.76865446,390,124.4190369,1244.190368,2353,144.9880829,14.498808
920,696750,1855000,3.88154925,44.80914937,600,124.4190369,1244.190368,2353,144.9880829,14.498808
921,697000,1855000,4.885136521,52.21447344,780,124.4190369,1244.190368,2353,144.9880829,14.498808
922,697250,1855000,2.439362658,28.69726697,370,124.4190369,1244.190368,2528,144.9880829,14.498808
923,697500,1855000,3.573554575,53.01390966,250,124.4190369,1244.190368,2528,144.9880829,14.498808
924,697750,1855000,3.376629337,37.43629198,180,124.4190369,1244.190368,2528,144.9880829,14.498808
925,698000,1855000,5.15323454,73.19664932,450,124.4190369,1244.190368,2528,144.9880829,14.498808
926,698250,1855000,4.82725896,61.64956504,440,124.4190369,1244.190368,2833,144.9880829,14.498808
927,698500,1855000,4.112750049,63.81695284,310,124.4190369,1244.190368,2833,144.9880829,14.498808
928,698750,1855000,3.234880677,41.5734419,230,124.4190369,1244.190368,2833,144.9880829,14.498808
929,699000,1855000,4.036425841,35.78652211,510,124.4190369,1244.190368,2765,144.9880829,14.498808
930,699250,1855000,4.30820188,50.55491224,260,124.4190369,1244.190368,2765,144.9880829,14.498808
931,699500,1855000,6.183025836,100.6512047,410,124.4190369,1244.190368,2765,144.9880829,14.498808
932,699706,1855000,3.792977543,66.17718892,210,124.4190369,1244.190368,2765,144.9880829,14.498808
933,700000,1855000,2.89915909,45.57695169,160,124.4190369,1244.190368,2768,144.9880829,14.498808
934,700250,1855000,4.084374399,47.42805122,340,124.4190369,1244.190368,2768,144.9880829,14.498808
935,700500,1855000,3.720388689,33.68549301,300,124.4190369,1244.190368,2768,144.9880829,14.498808
936,700750,1855000,4.466086546,56.96669322,340,120.5809479,1205.809478,2688,141.3023682,14.130237
937,701000,1855000,2.256129266,19.67177483,480,120.5809479,1205.809478,2688,141.3023682,14.130237
938,701250,1855000,3.182741234,30.51332749,490,120.5809479,1205.809478,2688,141.3023682,14.130237
939,701500,1855000,2.457695422,17.95748892,940,120.5809479,1205.809478,2688,141.3023682,14.130237
940,701748,1855009,3.619644095,32.95107366,1080,120.5809479,1205.809478,2633,141.3023682,14.130237
941,702000,1855000,1.47128795,7.835157605,600,120.5809479,1205.809478,2633,141.3023682,14.130237
942,702250,1855000,2.365330242,17.4945714,1010,120.5809479,1205.809478,2633,141.3023682,14.130237
943,702500,1855000,2.236037996,11.67421413,880,120.5809479,1205.809478,2633,141.3023682,14.130237
944,702750,1855000,2.323873785,14.91369502,920,120.5809479,1205.809478,2577,141.3023682,14.130237
945,703000,1855000,1.590937077,8.387218658,850,120.5809479,1205.809478,2577,141.3023682,14.130237
946,703250,1855000,1.996951014,12.29437758,730,120.5809479,1205.809478,2577,141.3023682,14.130237
947,704000,1855000,1.312281736,7.032246698,650,120.5809479,1205.809478,2332,141.3023682,14.130237
948,704250,1855000,1.018890754,2.03529987,810,120.5809479,1205.809478,2332,141.3023682,14.130237
949,704500,1855000,3.232540976,25.30126016,730,120.5809479,1205.809478,2049,141.3023682,14.130237
950,705000,1855000,2.26683817,13.67447441,620,120.5809479,1205.809478,2049,141.3023682,14.130237
951,705250,1855000,1.941615787,14.83967325,480,141.3428497,1413.428497,2087,162.361908,16.236191
952,705500,1855000,1.143318244,7.114064805,330,141.3428497,1413.428497,2087,162.361908,16.236191
953,705750,1855000,2.05401883,6.752982741,230,141.3428497,1413.428497,2087,162.361908,16.236191
966,706000,1855000,4.382238223,55.92888129,430,141.3428497,1413.428497,2087,162.361908,16.236191
967,706250,1855000,3.457314861,42.31452832,280,141.3428497,1413.428497,1980,162.361908,16.236191
968,706500,1855000,2.629458073,25.52617407,330,141.3428497,1413.428497,1980,162.361908,16.236191
969,707500,1855000,5.024402538,58.45665202,940,141.3428497,1413.428497,2158,162.361908,16.236191
970,707750,1855000,3.915097533,35.24481524,630,141.3428497,1413.428497,2158,162.361908,16.236191
971,705000,1855000,3.942896701,35.2180709,1020,120.5809479,1205.809478,2049,141.3023682,14.130237
972,700500,1856000,2.977045455,27.67154663,1730,124.4190369,1244.190368,2536,144.9880829,14.498808
974,700750,1856000,6.304826954,82.55998199,660,120.5809479,1205.809478,2539,141.3023682,14.130237
975,701000,1856000,3.809779566,38.97625222,840,120.5809479,1205.809478,2539,141.3023682,14.130237
976,701250,1856000,2.574571308,15.38664097,960,120.5809479,1205.809478,2539,141.3023682,14.130237
977,701500,1856000,1.834525962,13.01551943,750,120.5809479,1205.809478,2539,141.3023682,14.130237
978,701750,1856000,2.4785124,15.2802249,1320,120.5809479,1205.809478,2499,141.3023682,14.130237
979,702000,1856000,3.107451395,37.40709564,550,120.5809479,1205.809478,2499,141.3023682,14.130237
980,702250,1856000,3.248155476,30.74554243,1000,120.5809479,1205.809478,2499,141.3023682,14.130237
981,702500,1856000,1.020424637,11.08319574,260,120.5809479,1205.809478,2499,141.3023682,14.130237
982,702750,1856000,1.10000432,9.383592567,430,120.5809479,1205.809478,2239,141.3023682,14.130237
984,703000,1856000,1.657856928,10.85920376,720,120.5809479,1205.809478,2239,141.3023682,14.130237
985,703250,1856000,2.262611157,16.15298498,1000,120.5809479,1205.809478,2239,141.3023682,14.130237
986,703500,1856000,1.529247193,6.067211509,690,120.5809479,1205.809478,2210,141.3023682,14.130237
987,703750,1856000,1.375186631,6.160057967,670,120.5809479,1205.809478,2210,141.3023682,14.130237
988,704000,1856000,1.955351615,8.462346901,990,120.5809479,1205.809478,2210,141.3023682,14.130237
990,704250,1856000,2.212209016,5.901347353,550,120.5809479,1205.809478,2210,141.3023682,14.130237
991,704500,1856000,1.390857681,5.810513284,700,120.5809479,1205.809478,2021,141.3023682,14.130237
992,704750,1856000,1.89675777,12.96825257,400,120.5809479,1205.809478,2021,141.3023682,14.130237
993,705000,1856000,1.018582878,4.765776253,340,120.5809479,1205.809478,2021,141.3023682,14.130237
994,705250,1856000,1.876536909,11.35904457,490,141.3428497,1413.428497,1953,162.361908,16.236191
995,705500,1856000,2.222371283,10.09785585,1130,141.3428497,1413.428497,1953,162.361908,16.236191
996,705750,1856000,2.810372184,27.89469022,420,141.3428497,1413.428497,1953,162.361908,16.236191
997,705994,1856003,4.024962955,33.51423865,960,141.3428497,1413.428497,1953,162.361908,16.236191
998,706254,1856002,4.56684292,42.4299344,1130,141.3428497,1413.428497,2043,162.361908,16.236191
999,706500,1856000,3.727428998,29.65592502,750,141.3428497,1413.428497,2043,162.361908,16.236191
1000,706750,1856000,4.2868202,38.57508942,900,141.3428497,1413.428497,2043,162.361908,16.236191
1001,707000,1855998,2.537993745,17.60994211,550,141.3428497,1413.428497,2220,162.361908,16.236191
1002,707250,1856002,2.306840855,17.96776489,460,141.3428497,1413.428497,2220,162.361908,16.236191
1009,707502,1855999,4.648133986,54.48435509,800,141.3428497,1413.428497,2220,162.361908,16.236191
1010,707750,1856000,2.685383135,28.94267892,280,141.3428497,1413.428497,2220,162.361908,16.236191
1011,708000,1856000,2.06823061,16.60671333,340,141.3428497,1413.428497,2558,162.361908,16.236191
1012,708250,1856000,1.949218441,12.48949364,770,141.3428497,1413.428497,2558,162.361908,16.236191
1013,708500,1856000,2.060829018,11.91611875,1330,141.3428497,1413.428497,2558,162.361908,16.236191
1014,708750,1856000,2.087385686,10.38038579,1490,141.3428497,1413.428497,2647,162.361908,16.236191
1015,709000,1856000,2.082793463,14.04285774,970,141.3428497,1413.428497,2647,162.361908,16.236191
1016,709248,1855999,0.999518909,3.101155673,800,141.3428497,1413.428497,2647,162.361908,16.236191
1017,709500,1856000,2.9377512,30.06904454,810,114.1428528,1141.428527,2647,135.4309387,13.543094
1018,701998,1857000,2.082146294,11.39115313,760,164.5047607,1645.047607,2253,185.2928467,18.529285
1019,702253,1857002,0.881336905,6.915856858,260,164.5047607,1645.047607,2253,185.2928467,18.529285
1020,702501,1856995,1.314901824,3.610667894,570,164.5047607,1645.047607,2253,185.2928467,18.529285
1021,702797,1857000,2.049471375,14.61128711,580,164.5047607,1645.047607,2133,185.2928467,18.529285
1022,702253,1857002,2.18801404,11.93275226,600,164.5047607,1645.047607,2253,185.2928467,18.529285
1023,703753,1857002,1.254575391,4.355723485,320,164.5047607,1645.047607,2018,185.2928467,18.529285
1024,704252,1857000,1.870881257,19.8833591,380,164.5047607,1645.047607,2018,185.2928467,18.529285
1025,704498,1856999,1.639550867,6.135057788,310,164.5047607,1645.047607,1932,185.2928467,18.529285
1026,704751,1856999,2.164175635,18.77608247,320,164.5047607,1645.047607,1932,185.2928467,18.529285
1027,705002,1857002,3.452389629,30.86740826,650,164.5047607,1645.047607,1932,185.2928467,18.529285
1028,705253,1857001,2.429119495,18.72955513,470,113.019043,1130.190429,1867,134.4476166,13.444762
1029,705750,1857005,3.189675515,26.02507286,1070,113.019043,1130.190429,1867,134.4476166,13.444762
1030,706254,1857002,5.696869085,58.9723733,1000,113.019043,1130.190429,2248,134.4476166,13.444762
1031,706500,1857003,4.917239671,50.60618418,840,113.019043,1130.190429,2248,134.4476166,13.444762
1032,706751,1857000,4.190970208,36.29032912,760,113.019043,1130.190429,2248,134.4476166,13.444762
1033,707252,1856998,3.229270578,29.21922826,440,113.019043,1130.190429,2605,134.4476166,13.444762
1034,707504,1857001,1.469154024,13.89113705,190,113.019043,1130.190429,2605,134.4476166,13.444762
1035,707746,1857001,6.017308394,68.48107876,590,113.019043,1130.190429,2605,134.4476166,13.444762
1036,707996,1856996,2.771154897,28.32580395,760,113.019043,1130.190429,2534,134.4476166,13.444762
1037,708253,1857002,1.177977865,6.394599124,360,113.019043,1130.190429,2534,134.4476166,13.444762
1038,708498,1857001,0.701646445,3.126328115,310,113.019043,1130.190429,2534,134.4476166,13.444762
1041,709252,1857002,2.184614051,15.43797109,510,113.019043,1130.190429,2553,134.4476166,13.444762
1043,709508,1857005,0.145896348,0.457551081,10,129.019043,1290.190429,2553,150.611908,15.061191
1044,709748,1857001,0.474675015,1.453546464,290,129.019043,1290.190429,2597,150.611908,15.061191
1045,710001,1856998,0.627887347,3.102347269,240,129.019043,1290.190429,2597,150.611908,15.061191
1046,710209,1856999,0.391906615,1.413635977,190,129.019043,1290.190429,2597,150.611908,15.061191
1047,710505,1857004,0.602304573,1.347576351,290,129.019043,1290.190429,2679,150.611908,15.061191
1048,710751,1857004,2.296304739,18.48887866,790,129.019043,1290.190429,2679,150.611908,15.061191
1049,703008,1857998,2.235077454,14.75854538,400,164.5047607,1645.047607,1939,185.2928467,18.529285
1050,703249,1857994,1.434960929,8.665001129,290,164.5047607,1645.047607,1939,185.2928467,18.529285
1051,703948,1857995,1.80114654,13.05942876,210,164.5047607,1645.047607,1880,185.2928467,18.529285
1052,703749,1858002,2.098400895,15.30651246,340,164.5047607,1645.047607,1880,185.2928467,18.529285
1053,704002,1858000,2.038383909,9.369700931,650,164.5047607,1645.047607,1880,185.2928467,18.529285
1054,704248,1857995,2.630647951,12.55615091,880,164.5047607,1645.047607,1880,185.2928467,18.529285
1055,704498,1858000,2.405668291,10.75447251,1090,164.5047607,1645.047607,1794,185.2928467,18.529285
1056,704747,1858003,1.79915477,9.675880312,610,164.5047607,1645.047607,1794,185.2928467,18.529285
1057,705002,1858002,1.811136804,8.086264275,510,164.5047607,1645.047607,1794,185.2928467,18.529285
1058,705255,1858001,2.927884243,16.0748674,880,113.019043,1130.190429,1754,134.4476166,13.444762
1059,705500,1858004,1.900149905,7.72479138,580,113.019043,1130.190429,1754,134.4476166,13.444762
1060,705752,1857995,4.086907308,29.20229548,710,113.019043,1130.190429,1754,134.4476166,13.444762
1061,706003,1858019,3.481851485,24.08658624,1230,113.019043,1130.190429,1754,134.4476166,13.444762
1062,706252,1858002,3.611006286,30.24812358,760,113.019043,1130.190429,1955,134.4476166,13.444762
1063,706502,1858002,2.065221749,19.15343917,320,113.019043,1130.190429,1955,134.4476166,13.444762
1064,706749,1858004,3.306957452,35.48206018,510,113.019043,1130.190429,1955,134.4476166,13.444762
1065,706999,1858004,1.195507166,11.79315961,290,113.019043,1130.190429,2189,134.4476166,13.444762
1066,707252,1858000,0.560994986,2.508404998,260,113.019043,1130.190429,2189,134.4476166,13.444762
1067,707493,1858005,0.236382856,0.759852733,90,113.019043,1130.190429,2189,134.4476166,13.444762
1068,707754,1857996,0.720814087,4.930220266,100,113.019043,1130.190429,2189,134.4476166,13.444762
1070,708002,1858001,0.765304537,3.578671377,230,113.019043,1130.190429,2132,134.4476166,13.444762
1071,708250,1857997,1.405734693,7.323800982,680,113.019043,1130.190429,2132,134.4476166,13.444762
1072,708504,1858001,1.470172685,7.13294052,900,113.019043,1130.190429,2132,134.4476166,13.444762
1073,708743,1857999,0.544656348,2.405445577,400,113.019043,1130.190429,2397,134.4476166,13.444762
1075,709008,1857998,1.219765759,6.279308311,430,113.019043,1130.190429,2397,134.4476166,13.444762
1076,709221,1858011,1.572073384,8.203829517,990,113.019043,1130.190429,2397,134.4476166,13.444762
1077,709494,1858011,3.37772968,22.07263177,1280,129.019043,1290.190429,2397,150.611908,15.061191
1078,704750,1848794,3.250703308,26.71292283,1240,101.8190384,1018.190383,2626,122.0428543,12.204285
1079,704504,1859007,2.891550938,18.29144456,1220,164.5047607,1645.047607,1864,185.2928467,18.529285
1080,704749,1859004,3.088056773,20.12141701,1390,164.5047607,1645.047607,1864,185.2928467,18.529285
1081,704990,1859010,0.642080277,1.825466633,450,164.5047607,1645.047607,1864,185.2928467,18.529285
1082,705250,1858998,1.435794237,4.742641248,690,113.019043,1130.190429,2095,134.4476166,13.444762
1083,705504,1859002,1.576994689,8.300236711,710,113.019043,1130.190429,2095,134.4476166,13.444762
1085,705751,1859002,0.124535089,0.570456937,60,113.019043,1130.190429,2095,134.4476166,13.444762
1086,706005,1859001,0.742473798,4.089918639,220,113.019043,1130.190429,2095,134.4476166,13.444762
1087,706250,1859002,1.262159981,10.81385664,300,113.019043,1130.190429,2066,134.4476166,13.444762
1088,707002,1859003,1.738372806,9.008739842,360,113.019043,1130.190429,1896,134.4476166,13.444762
1089,707505,1859006,1.052498727,4.898849347,500,113.019043,1130.190429,1896,134.4476166,13.444762
1090,707747,1858990,1.341906169,5.869085701,700,113.019043,1130.190429,1896,134.4476166,13.444762
1091,707998,1859000,2.349789568,12.58475571,850,113.019043,1130.190429,1997,134.4476166,13.444762
1092,708246,1859007,2.041371563,11.64791383,800,113.019043,1130.190429,1997,134.4476166,13.444762
1093,708500,1859001,2.601083208,10.52839598,630,113.019043,1130.190429,1997,134.4476166,13.444762
1094,708750,1859000,1.971345463,13.31144662,450,113.019043,1130.190429,2203,134.4476166,13.444762
1095,703991,1859996,1.658725578,7.722537196,810,164.5047607,1645.047607,1999,185.2928467,18.529285
1096,704251,1860001,1.804592081,5.021644861,1160,164.5047607,1645.047607,1999,185.2928467,18.529285
1097,704504,1860000,0.956489299,3.88832252,640,164.5047607,1645.047607,1980,185.2928467,18.529285
1098,704752,1860002,0.826803569,3.257072888,440,164.5047607,1645.047607,1980,185.2928467,18.529285
1099,705003,1859998,2.081475564,11.90776753,590,164.5047607,1645.047607,1980,185.2928467,18.529285
1100,705250,1860002,2.642399079,26.11409741,680,113.019043,1130.190429,2281,134.4476166,13.444762
1101,705482,1860007,3.243410101,37.59957283,670,113.019043,1130.190429,2281,134.4476166,13.444762
1102,705750,1860001,1.457806591,15.81866758,250,113.019043,1130.190429,2281,134.4476166,13.444762
1103,706001,1860001,2.489272355,35.98961271,220,113.019043,1130.190429,2281,134.4476166,13.444762
1104,706248,1859999,3.462319418,33.65468745,460,113.019043,1130.190429,2297,134.4476166,13.444762
1105,706499,1860000,2.110862808,16.58581697,320,113.019043,1130.190429,2297,134.4476166,13.444762
1106,706752,1859999,3.141284778,22.79157846,860,113.019043,1130.190429,2297,134.4476166,13.444762
1107,707001,1860002,1.41198332,9.328214258,270,113.019043,1130.190429,2287,134.4476166,13.444762
1108,707252,1860002,1.773883013,10.53063667,740,113.019043,1130.190429,2287,134.4476166,13.444762
1109,707501,1860002,2.353397687,17.48133131,850,113.019043,1130.190429,2287,134.4476166,13.444762
1110,707750,1860004,1.973413417,10.5255822,680,113.019043,1130.190429,2287,134.4476166,13.444762
